2026-09-28T13:50:17+00:00 CRITICAL ================================================================
[2026-09-28 13:50:17] CRITICAL  Fatal error
----------------------------------------------------------------
Message : syntax error, unexpected token "
File    : C:\Users\ÄGAREN\Local Sites\fenix-portal\app\public\wp-content\themes\ollie-child\functions.php:198
Status  : FAILED
================================================================
2026-09-28T13:50:17+00:00 CRITICAL ================================================================
[2026-09-28 13:50:17] CRITICAL  Fatal error
----------------------------------------------------------------
Message : syntax error, unexpected token "
File    : C:\Users\ÄGAREN\Local Sites\fenix-portal\app\public\wp-content\themes\ollie-child\functions.php:198
Status  : FAILED
================================================================
2026-09-28T13:50:17+00:00 CRITICAL ================================================================
[2026-09-28 13:50:17] CRITICAL  Fatal error
----------------------------------------------------------------
Message : syntax error, unexpected token "
File    : C:\Users\ÄGAREN\Local Sites\fenix-portal\app\public\wp-content\themes\ollie-child\functions.php:198
Status  : FAILED
================================================================
2026-09-28T13:50:18+00:00 CRITICAL ================================================================
[2026-09-28 13:50:18] CRITICAL  Fatal error
----------------------------------------------------------------
Message : syntax error, unexpected token "
File    : C:\Users\ÄGAREN\Local Sites\fenix-portal\app\public\wp-content\themes\ollie-child\functions.php:198
Status  : FAILED
================================================================
2026-09-28T13:50:18+00:00 CRITICAL ================================================================
[2026-09-28 13:50:18] CRITICAL  Fatal error
----------------------------------------------------------------
Message : syntax error, unexpected token "
File    : C:\Users\ÄGAREN\Local Sites\fenix-portal\app\public\wp-content\themes\ollie-child\functions.php:198
Status  : FAILED
================================================================
2026-09-28T13:50:18+00:00 CRITICAL ================================================================
[2026-09-28 13:50:18] CRITICAL  Fatal error
----------------------------------------------------------------
Message : syntax error, unexpected token "
File    : C:\Users\ÄGAREN\Local Sites\fenix-portal\app\public\wp-content\themes\ollie-child\functions.php:198
Status  : FAILED
================================================================
2026-09-29T07:08:29+00:00 CRITICAL ================================================================
[2026-09-29 07:08:29] CRITICAL  Fatal error
----------------------------------------------------------------
Message : syntax error, unexpected identifier "all_users"
File    : C:\Users\ÄGAREN\Local Sites\fenix-portal\app\public\wp-content\themes\ollie-child\functions.php:387
Status  : FAILED
================================================================
2026-09-29T07:08:29+00:00 CRITICAL ================================================================
[2026-09-29 07:08:29] CRITICAL  Fatal error
----------------------------------------------------------------
Message : syntax error, unexpected identifier "all_users"
File    : C:\Users\ÄGAREN\Local Sites\fenix-portal\app\public\wp-content\themes\ollie-child\functions.php:387
Status  : FAILED
================================================================
2026-09-29T07:08:29+00:00 CRITICAL ================================================================
[2026-09-29 07:08:29] CRITICAL  Fatal error
----------------------------------------------------------------
Message : syntax error, unexpected identifier "all_users"
File    : C:\Users\ÄGAREN\Local Sites\fenix-portal\app\public\wp-content\themes\ollie-child\functions.php:387
Status  : FAILED
================================================================
2026-09-29T07:08:29+00:00 CRITICAL ================================================================
[2026-09-29 07:08:29] CRITICAL  Fatal error
----------------------------------------------------------------
Message : syntax error, unexpected identifier "all_users"
File    : C:\Users\ÄGAREN\Local Sites\fenix-portal\app\public\wp-content\themes\ollie-child\functions.php:387
Status  : FAILED
================================================================
2026-09-29T07:08:29+00:00 CRITICAL ================================================================
[2026-09-29 07:08:29] CRITICAL  Fatal error
----------------------------------------------------------------
Message : syntax error, unexpected identifier "all_users"
File    : C:\Users\ÄGAREN\Local Sites\fenix-portal\app\public\wp-content\themes\ollie-child\functions.php:387
Status  : FAILED
================================================================
2026-09-29T07:08:29+00:00 CRITICAL ================================================================
[2026-09-29 07:08:29] CRITICAL  Fatal error
----------------------------------------------------------------
Message : syntax error, unexpected identifier "all_users"
File    : C:\Users\ÄGAREN\Local Sites\fenix-portal\app\public\wp-content\themes\ollie-child\functions.php:387
Status  : FAILED
================================================================
2026-09-29T07:09:34+00:00 CRITICAL ================================================================
[2026-09-29 07:09:34] CRITICAL  Fatal error
----------------------------------------------------------------
Message : syntax error, unexpected identifier "all_users"
File    : C:\Users\ÄGAREN\Local Sites\fenix-portal\app\public\wp-content\themes\ollie-child\functions.php:387
Status  : FAILED
================================================================
2026-09-29T07:09:34+00:00 CRITICAL ================================================================
[2026-09-29 07:09:34] CRITICAL  Fatal error
----------------------------------------------------------------
Message : syntax error, unexpected identifier "all_users"
File    : C:\Users\ÄGAREN\Local Sites\fenix-portal\app\public\wp-content\themes\ollie-child\functions.php:387
Status  : FAILED
================================================================
2026-09-29T07:09:34+00:00 CRITICAL ================================================================
[2026-09-29 07:09:34] CRITICAL  Fatal error
----------------------------------------------------------------
Message : syntax error, unexpected identifier "all_users"
File    : C:\Users\ÄGAREN\Local Sites\fenix-portal\app\public\wp-content\themes\ollie-child\functions.php:387
Status  : FAILED
================================================================
2026-09-29T07:09:46+00:00 CRITICAL ================================================================
[2026-09-29 07:09:46] CRITICAL  Fatal error
----------------------------------------------------------------
Message : syntax error, unexpected identifier "all_users"
File    : C:\Users\ÄGAREN\Local Sites\fenix-portal\app\public\wp-content\themes\ollie-child\functions.php:387
Status  : FAILED
================================================================
2026-09-29T07:09:46+00:00 CRITICAL ================================================================
[2026-09-29 07:09:46] CRITICAL  Fatal error
----------------------------------------------------------------
Message : syntax error, unexpected identifier "all_users"
File    : C:\Users\ÄGAREN\Local Sites\fenix-portal\app\public\wp-content\themes\ollie-child\functions.php:387
Status  : FAILED
================================================================
2026-09-29T07:09:46+00:00 CRITICAL ================================================================
[2026-09-29 07:09:46] CRITICAL  Fatal error
----------------------------------------------------------------
Message : syntax error, unexpected identifier "all_users"
File    : C:\Users\ÄGAREN\Local Sites\fenix-portal\app\public\wp-content\themes\ollie-child\functions.php:387
Status  : FAILED
================================================================
2026-09-29T07:11:24+00:00 CRITICAL ================================================================
[2026-09-29 07:11:24] CRITICAL  Fatal error
----------------------------------------------------------------
Message : syntax error, unexpected token "}"
File    : C:\Users\ÄGAREN\Local Sites\fenix-portal\app\public\wp-content\themes\ollie-child\functions.php:383
Status  : FAILED
================================================================
2026-09-29T07:11:24+00:00 CRITICAL ================================================================
[2026-09-29 07:11:24] CRITICAL  Fatal error
----------------------------------------------------------------
Message : syntax error, unexpected token "}"
File    : C:\Users\ÄGAREN\Local Sites\fenix-portal\app\public\wp-content\themes\ollie-child\functions.php:383
Status  : FAILED
================================================================
2026-09-29T07:11:24+00:00 CRITICAL ================================================================
[2026-09-29 07:11:24] CRITICAL  Fatal error
----------------------------------------------------------------
Message : syntax error, unexpected token "}"
File    : C:\Users\ÄGAREN\Local Sites\fenix-portal\app\public\wp-content\themes\ollie-child\functions.php:383
Status  : FAILED
================================================================
2026-09-29T07:11:35+00:00 CRITICAL ================================================================
[2026-09-29 07:11:35] CRITICAL  Fatal error
----------------------------------------------------------------
Message : syntax error, unexpected token "}"
File    : C:\Users\ÄGAREN\Local Sites\fenix-portal\app\public\wp-content\themes\ollie-child\functions.php:383
Status  : FAILED
================================================================
2026-09-29T07:11:35+00:00 CRITICAL ================================================================
[2026-09-29 07:11:35] CRITICAL  Fatal error
----------------------------------------------------------------
Message : syntax error, unexpected token "}"
File    : C:\Users\ÄGAREN\Local Sites\fenix-portal\app\public\wp-content\themes\ollie-child\functions.php:383
Status  : FAILED
================================================================
2026-09-29T07:11:35+00:00 CRITICAL ================================================================
[2026-09-29 07:11:35] CRITICAL  Fatal error
----------------------------------------------------------------
Message : syntax error, unexpected token "}"
File    : C:\Users\ÄGAREN\Local Sites\fenix-portal\app\public\wp-content\themes\ollie-child\functions.php:383
Status  : FAILED
================================================================
2026-09-29T07:11:47+00:00 CRITICAL ================================================================
[2026-09-29 07:11:47] CRITICAL  Fatal error
----------------------------------------------------------------
Message : syntax error, unexpected token "}"
File    : C:\Users\ÄGAREN\Local Sites\fenix-portal\app\public\wp-content\themes\ollie-child\functions.php:383
Status  : FAILED
================================================================
2026-09-29T07:11:47+00:00 CRITICAL ================================================================
[2026-09-29 07:11:47] CRITICAL  Fatal error
----------------------------------------------------------------
Message : syntax error, unexpected token "}"
File    : C:\Users\ÄGAREN\Local Sites\fenix-portal\app\public\wp-content\themes\ollie-child\functions.php:383
Status  : FAILED
================================================================
2026-09-29T07:11:47+00:00 CRITICAL ================================================================
[2026-09-29 07:11:47] CRITICAL  Fatal error
----------------------------------------------------------------
Message : syntax error, unexpected token "}"
File    : C:\Users\ÄGAREN\Local Sites\fenix-portal\app\public\wp-content\themes\ollie-child\functions.php:383
Status  : FAILED
================================================================
2026-09-29T07:15:12+00:00 CRITICAL ================================================================
[2026-09-29 07:15:12] CRITICAL  Fatal error
----------------------------------------------------------------
Message : syntax error, unexpected token "}"
File    : C:\Users\ÄGAREN\Local Sites\fenix-portal\app\public\wp-content\themes\ollie-child\functions.php:383
Status  : FAILED
================================================================
2026-09-29T07:15:12+00:00 CRITICAL ================================================================
[2026-09-29 07:15:12] CRITICAL  Fatal error
----------------------------------------------------------------
Message : syntax error, unexpected token "}"
File    : C:\Users\ÄGAREN\Local Sites\fenix-portal\app\public\wp-content\themes\ollie-child\functions.php:383
Status  : FAILED
================================================================
2026-09-29T07:15:12+00:00 CRITICAL ================================================================
[2026-09-29 07:15:12] CRITICAL  Fatal error
----------------------------------------------------------------
Message : syntax error, unexpected token "}"
File    : C:\Users\ÄGAREN\Local Sites\fenix-portal\app\public\wp-content\themes\ollie-child\functions.php:383
Status  : FAILED
================================================================
2026-09-29T07:15:31+00:00 CRITICAL ================================================================
[2026-09-29 07:15:31] CRITICAL  Fatal error
----------------------------------------------------------------
Message : syntax error, unexpected token "}"
File    : C:\Users\ÄGAREN\Local Sites\fenix-portal\app\public\wp-content\themes\ollie-child\functions.php:383
Status  : FAILED
================================================================
2026-09-29T07:15:31+00:00 CRITICAL ================================================================
[2026-09-29 07:15:31] CRITICAL  Fatal error
----------------------------------------------------------------
Message : syntax error, unexpected token "}"
File    : C:\Users\ÄGAREN\Local Sites\fenix-portal\app\public\wp-content\themes\ollie-child\functions.php:383
Status  : FAILED
================================================================
2026-09-29T07:15:31+00:00 CRITICAL ================================================================
[2026-09-29 07:15:31] CRITICAL  Fatal error
----------------------------------------------------------------
Message : syntax error, unexpected token "}"
File    : C:\Users\ÄGAREN\Local Sites\fenix-portal\app\public\wp-content\themes\ollie-child\functions.php:383
Status  : FAILED
================================================================
2026-09-29T07:15:33+00:00 CRITICAL ================================================================
[2026-09-29 07:15:33] CRITICAL  Fatal error
----------------------------------------------------------------
Message : syntax error, unexpected token "}"
File    : C:\Users\ÄGAREN\Local Sites\fenix-portal\app\public\wp-content\themes\ollie-child\functions.php:383
Status  : FAILED
================================================================
2026-09-29T07:15:33+00:00 CRITICAL ================================================================
[2026-09-29 07:15:33] CRITICAL  Fatal error
----------------------------------------------------------------
Message : syntax error, unexpected token "}"
File    : C:\Users\ÄGAREN\Local Sites\fenix-portal\app\public\wp-content\themes\ollie-child\functions.php:383
Status  : FAILED
================================================================
2026-09-29T07:15:33+00:00 CRITICAL ================================================================
[2026-09-29 07:15:33] CRITICAL  Fatal error
----------------------------------------------------------------
Message : syntax error, unexpected token "}"
File    : C:\Users\ÄGAREN\Local Sites\fenix-portal\app\public\wp-content\themes\ollie-child\functions.php:383
Status  : FAILED
================================================================
2026-09-29T07:15:37+00:00 CRITICAL ================================================================
[2026-09-29 07:15:37] CRITICAL  Fatal error
----------------------------------------------------------------
Message : syntax error, unexpected token "}"
File    : C:\Users\ÄGAREN\Local Sites\fenix-portal\app\public\wp-content\themes\ollie-child\functions.php:383
Status  : FAILED
================================================================
2026-09-29T07:15:37+00:00 CRITICAL ================================================================
[2026-09-29 07:15:37] CRITICAL  Fatal error
----------------------------------------------------------------
Message : syntax error, unexpected token "}"
File    : C:\Users\ÄGAREN\Local Sites\fenix-portal\app\public\wp-content\themes\ollie-child\functions.php:383
Status  : FAILED
================================================================
2026-09-29T07:15:37+00:00 CRITICAL ================================================================
[2026-09-29 07:15:37] CRITICAL  Fatal error
----------------------------------------------------------------
Message : syntax error, unexpected token "}"
File    : C:\Users\ÄGAREN\Local Sites\fenix-portal\app\public\wp-content\themes\ollie-child\functions.php:383
Status  : FAILED
================================================================
2026-09-29T07:15:45+00:00 CRITICAL ================================================================
[2026-09-29 07:15:45] CRITICAL  Fatal error
----------------------------------------------------------------
Message : syntax error, unexpected token "}"
File    : C:\Users\ÄGAREN\Local Sites\fenix-portal\app\public\wp-content\themes\ollie-child\functions.php:383
Status  : FAILED
================================================================
2026-09-29T07:15:45+00:00 CRITICAL ================================================================
[2026-09-29 07:15:45] CRITICAL  Fatal error
----------------------------------------------------------------
Message : syntax error, unexpected token "}"
File    : C:\Users\ÄGAREN\Local Sites\fenix-portal\app\public\wp-content\themes\ollie-child\functions.php:383
Status  : FAILED
================================================================
2026-09-29T07:15:45+00:00 CRITICAL ================================================================
[2026-09-29 07:15:45] CRITICAL  Fatal error
----------------------------------------------------------------
Message : syntax error, unexpected token "}"
File    : C:\Users\ÄGAREN\Local Sites\fenix-portal\app\public\wp-content\themes\ollie-child\functions.php:383
Status  : FAILED
================================================================
2026-09-29T07:15:47+00:00 CRITICAL ================================================================
[2026-09-29 07:15:47] CRITICAL  Fatal error
----------------------------------------------------------------
Message : syntax error, unexpected token "}"
File    : C:\Users\ÄGAREN\Local Sites\fenix-portal\app\public\wp-content\themes\ollie-child\functions.php:383
Status  : FAILED
================================================================
2026-09-29T07:15:47+00:00 CRITICAL ================================================================
[2026-09-29 07:15:47] CRITICAL  Fatal error
----------------------------------------------------------------
Message : syntax error, unexpected token "}"
File    : C:\Users\ÄGAREN\Local Sites\fenix-portal\app\public\wp-content\themes\ollie-child\functions.php:383
Status  : FAILED
================================================================
2026-09-29T07:15:47+00:00 CRITICAL ================================================================
[2026-09-29 07:15:47] CRITICAL  Fatal error
----------------------------------------------------------------
Message : syntax error, unexpected token "}"
File    : C:\Users\ÄGAREN\Local Sites\fenix-portal\app\public\wp-content\themes\ollie-child\functions.php:383
Status  : FAILED
================================================================
2026-09-29T07:15:49+00:00 CRITICAL ================================================================
[2026-09-29 07:15:49] CRITICAL  Fatal error
----------------------------------------------------------------
Message : syntax error, unexpected token "}"
File    : C:\Users\ÄGAREN\Local Sites\fenix-portal\app\public\wp-content\themes\ollie-child\functions.php:383
Status  : FAILED
================================================================
2026-09-29T07:15:49+00:00 CRITICAL ================================================================
[2026-09-29 07:15:49] CRITICAL  Fatal error
----------------------------------------------------------------
Message : syntax error, unexpected token "}"
File    : C:\Users\ÄGAREN\Local Sites\fenix-portal\app\public\wp-content\themes\ollie-child\functions.php:383
Status  : FAILED
================================================================
2026-09-29T07:15:49+00:00 CRITICAL ================================================================
[2026-09-29 07:15:49] CRITICAL  Fatal error
----------------------------------------------------------------
Message : syntax error, unexpected token "}"
File    : C:\Users\ÄGAREN\Local Sites\fenix-portal\app\public\wp-content\themes\ollie-child\functions.php:383
Status  : FAILED
================================================================
2026-09-29T10:00:44+00:00 CRITICAL ================================================================
[2026-09-29 10:00:44] CRITICAL  Fatal error
----------------------------------------------------------------
Message : Uncaught TypeError: call_user_func_array(): Argument #1 ($callback) must be a valid callback, function "fenix_register_member_meta" not found or invalid function name in C:\Users\ÄGAREN\Local Sites\fenix-portal\app\public\wp-includes\class-wp-hook.php:353
File    : C:\Users\ÄGAREN\Local Sites\fenix-portal\app\public\wp-includes\class-wp-hook.php:353
Status  : FAILED

Trace:
#0 C:\Users\ÄGAREN\Local Sites\fenix-portal\app\public\wp-includes\class-wp-hook.php(377): WP_Hook->apply_filters(NULL, Array)
#1 C:\Users\ÄGAREN\Local Sites\fenix-portal\app\public\wp-includes\plugin.php(523): WP_Hook->do_action(Array)
#2 C:\Users\ÄGAREN\Local Sites\fenix-portal\app\public\wp-settings.php(779): do_action('init')
#3 C:\Users\ÄGAREN\Local Sites\fenix-portal\app\public\wp-config.php(103): require_once('C:\\Users\\\xC3\x84GARE...')
#4 C:\Users\ÄGAREN\Local Sites\fenix-portal\app\public\wp-load.php(50): require_once('C:\\Users\\\xC3\x84GARE...')
#5 C:\Users\ÄGAREN\Local Sites\fenix-portal\app\public\wp-admin\admin.php(35): require_once('C:\\Users\\\xC3\x84GARE...')
#6 C:\Users\ÄGAREN\Local Sites\fenix-portal\app\public\wp-admin\users.php(11): require_once('C:\\Users\\\xC3\x84GARE...')
#7 {main}
  thrown
================================================================
2026-09-29T10:00:44+00:00 CRITICAL ================================================================
[2026-09-29 10:00:44] CRITICAL  Fatal error
----------------------------------------------------------------
Message : Uncaught TypeError: call_user_func_array(): Argument #1 ($callback) must be a valid callback, function "fenix_register_member_meta" not found or invalid function name in C:\Users\ÄGAREN\Local Sites\fenix-portal\app\public\wp-includes\class-wp-hook.php:353
File    : C:\Users\ÄGAREN\Local Sites\fenix-portal\app\public\wp-includes\class-wp-hook.php:353
Status  : FAILED

Trace:
#0 C:\Users\ÄGAREN\Local Sites\fenix-portal\app\public\wp-includes\class-wp-hook.php(377): WP_Hook->apply_filters(NULL, Array)
#1 C:\Users\ÄGAREN\Local Sites\fenix-portal\app\public\wp-includes\plugin.php(523): WP_Hook->do_action(Array)
#2 C:\Users\ÄGAREN\Local Sites\fenix-portal\app\public\wp-settings.php(779): do_action('init')
#3 C:\Users\ÄGAREN\Local Sites\fenix-portal\app\public\wp-config.php(103): require_once('C:\\Users\\\xC3\x84GARE...')
#4 C:\Users\ÄGAREN\Local Sites\fenix-portal\app\public\wp-load.php(50): require_once('C:\\Users\\\xC3\x84GARE...')
#5 C:\Users\ÄGAREN\Local Sites\fenix-portal\app\public\wp-admin\admin.php(35): require_once('C:\\Users\\\xC3\x84GARE...')
#6 C:\Users\ÄGAREN\Local Sites\fenix-portal\app\public\wp-admin\users.php(11): require_once('C:\\Users\\\xC3\x84GARE...')
#7 {main}
  thrown
================================================================
2026-09-29T10:00:44+00:00 CRITICAL ================================================================
[2026-09-29 10:00:44] CRITICAL  Fatal error
----------------------------------------------------------------
Message : Uncaught TypeError: call_user_func_array(): Argument #1 ($callback) must be a valid callback, function "fenix_register_member_meta" not found or invalid function name in C:\Users\ÄGAREN\Local Sites\fenix-portal\app\public\wp-includes\class-wp-hook.php:353
File    : C:\Users\ÄGAREN\Local Sites\fenix-portal\app\public\wp-includes\class-wp-hook.php:353
Status  : FAILED

Trace:
#0 C:\Users\ÄGAREN\Local Sites\fenix-portal\app\public\wp-includes\class-wp-hook.php(377): WP_Hook->apply_filters(NULL, Array)
#1 C:\Users\ÄGAREN\Local Sites\fenix-portal\app\public\wp-includes\plugin.php(523): WP_Hook->do_action(Array)
#2 C:\Users\ÄGAREN\Local Sites\fenix-portal\app\public\wp-settings.php(779): do_action('init')
#3 C:\Users\ÄGAREN\Local Sites\fenix-portal\app\public\wp-config.php(103): require_once('C:\\Users\\\xC3\x84GARE...')
#4 C:\Users\ÄGAREN\Local Sites\fenix-portal\app\public\wp-load.php(50): require_once('C:\\Users\\\xC3\x84GARE...')
#5 C:\Users\ÄGAREN\Local Sites\fenix-portal\app\public\wp-admin\admin.php(35): require_once('C:\\Users\\\xC3\x84GARE...')
#6 C:\Users\ÄGAREN\Local Sites\fenix-portal\app\public\wp-admin\users.php(11): require_once('C:\\Users\\\xC3\x84GARE...')
#7 {main}
  thrown
================================================================
2026-09-29T10:03:07+00:00 CRITICAL ================================================================
[2026-09-29 10:03:07] CRITICAL  Fatal error
----------------------------------------------------------------
Message : Uncaught TypeError: call_user_func_array(): Argument #1 ($callback) must be a valid callback, function "fenix_register_member_meta" not found or invalid function name in C:\Users\ÄGAREN\Local Sites\fenix-portal\app\public\wp-includes\class-wp-hook.php:353
File    : C:\Users\ÄGAREN\Local Sites\fenix-portal\app\public\wp-includes\class-wp-hook.php:353
Status  : FAILED

Trace:
#0 C:\Users\ÄGAREN\Local Sites\fenix-portal\app\public\wp-includes\class-wp-hook.php(377): WP_Hook->apply_filters(NULL, Array)
#1 C:\Users\ÄGAREN\Local Sites\fenix-portal\app\public\wp-includes\plugin.php(523): WP_Hook->do_action(Array)
#2 C:\Users\ÄGAREN\Local Sites\fenix-portal\app\public\wp-settings.php(779): do_action('init')
#3 C:\Users\ÄGAREN\Local Sites\fenix-portal\app\public\wp-config.php(103): require_once('C:\\Users\\\xC3\x84GARE...')
#4 C:\Users\ÄGAREN\Local Sites\fenix-portal\app\public\wp-load.php(50): require_once('C:\\Users\\\xC3\x84GARE...')
#5 C:\Users\ÄGAREN\Local Sites\fenix-portal\app\public\wp-admin\admin-ajax.php(22): require_once('C:\\Users\\\xC3\x84GARE...')
#6 {main}
  thrown
================================================================
2026-09-29T10:03:07+00:00 CRITICAL ================================================================
[2026-09-29 10:03:07] CRITICAL  Fatal error
----------------------------------------------------------------
Message : Uncaught TypeError: call_user_func_array(): Argument #1 ($callback) must be a valid callback, function "fenix_register_member_meta" not found or invalid function name in C:\Users\ÄGAREN\Local Sites\fenix-portal\app\public\wp-includes\class-wp-hook.php:353
File    : C:\Users\ÄGAREN\Local Sites\fenix-portal\app\public\wp-includes\class-wp-hook.php:353
Status  : FAILED

Trace:
#0 C:\Users\ÄGAREN\Local Sites\fenix-portal\app\public\wp-includes\class-wp-hook.php(377): WP_Hook->apply_filters(NULL, Array)
#1 C:\Users\ÄGAREN\Local Sites\fenix-portal\app\public\wp-includes\plugin.php(523): WP_Hook->do_action(Array)
#2 C:\Users\ÄGAREN\Local Sites\fenix-portal\app\public\wp-settings.php(779): do_action('init')
#3 C:\Users\ÄGAREN\Local Sites\fenix-portal\app\public\wp-config.php(103): require_once('C:\\Users\\\xC3\x84GARE...')
#4 C:\Users\ÄGAREN\Local Sites\fenix-portal\app\public\wp-load.php(50): require_once('C:\\Users\\\xC3\x84GARE...')
#5 C:\Users\ÄGAREN\Local Sites\fenix-portal\app\public\wp-admin\admin-ajax.php(22): require_once('C:\\Users\\\xC3\x84GARE...')
#6 {main}
  thrown
================================================================
2026-09-29T10:03:07+00:00 CRITICAL ================================================================
[2026-09-29 10:03:07] CRITICAL  Fatal error
----------------------------------------------------------------
Message : Uncaught TypeError: call_user_func_array(): Argument #1 ($callback) must be a valid callback, function "fenix_register_member_meta" not found or invalid function name in C:\Users\ÄGAREN\Local Sites\fenix-portal\app\public\wp-includes\class-wp-hook.php:353
File    : C:\Users\ÄGAREN\Local Sites\fenix-portal\app\public\wp-includes\class-wp-hook.php:353
Status  : FAILED

Trace:
#0 C:\Users\ÄGAREN\Local Sites\fenix-portal\app\public\wp-includes\class-wp-hook.php(377): WP_Hook->apply_filters(NULL, Array)
#1 C:\Users\ÄGAREN\Local Sites\fenix-portal\app\public\wp-includes\plugin.php(523): WP_Hook->do_action(Array)
#2 C:\Users\ÄGAREN\Local Sites\fenix-portal\app\public\wp-settings.php(779): do_action('init')
#3 C:\Users\ÄGAREN\Local Sites\fenix-portal\app\public\wp-config.php(103): require_once('C:\\Users\\\xC3\x84GARE...')
#4 C:\Users\ÄGAREN\Local Sites\fenix-portal\app\public\wp-load.php(50): require_once('C:\\Users\\\xC3\x84GARE...')
#5 C:\Users\ÄGAREN\Local Sites\fenix-portal\app\public\wp-admin\admin-ajax.php(22): require_once('C:\\Users\\\xC3\x84GARE...')
#6 {main}
  thrown
================================================================
2026-09-29T10:03:09+00:00 CRITICAL ================================================================
[2026-09-29 10:03:09] CRITICAL  Fatal error
----------------------------------------------------------------
Message : Uncaught TypeError: call_user_func_array(): Argument #1 ($callback) must be a valid callback, function "fenix_register_member_meta" not found or invalid function name in C:\Users\ÄGAREN\Local Sites\fenix-portal\app\public\wp-includes\class-wp-hook.php:353
File    : C:\Users\ÄGAREN\Local Sites\fenix-portal\app\public\wp-includes\class-wp-hook.php:353
Status  : FAILED

Trace:
#0 C:\Users\ÄGAREN\Local Sites\fenix-portal\app\public\wp-includes\class-wp-hook.php(377): WP_Hook->apply_filters(NULL, Array)
#1 C:\Users\ÄGAREN\Local Sites\fenix-portal\app\public\wp-includes\plugin.php(523): WP_Hook->do_action(Array)
#2 C:\Users\ÄGAREN\Local Sites\fenix-portal\app\public\wp-settings.php(779): do_action('init')
#3 C:\Users\ÄGAREN\Local Sites\fenix-portal\app\public\wp-config.php(103): require_once('C:\\Users\\\xC3\x84GARE...')
#4 C:\Users\ÄGAREN\Local Sites\fenix-portal\app\public\wp-load.php(50): require_once('C:\\Users\\\xC3\x84GARE...')
#5 C:\Users\ÄGAREN\Local Sites\fenix-portal\app\public\wp-admin\admin.php(35): require_once('C:\\Users\\\xC3\x84GARE...')
#6 C:\Users\ÄGAREN\Local Sites\fenix-portal\app\public\wp-admin\users.php(11): require_once('C:\\Users\\\xC3\x84GARE...')
#7 {main}
  thrown
================================================================
2026-09-29T10:03:09+00:00 CRITICAL ================================================================
[2026-09-29 10:03:09] CRITICAL  Fatal error
----------------------------------------------------------------
Message : Uncaught TypeError: call_user_func_array(): Argument #1 ($callback) must be a valid callback, function "fenix_register_member_meta" not found or invalid function name in C:\Users\ÄGAREN\Local Sites\fenix-portal\app\public\wp-includes\class-wp-hook.php:353
File    : C:\Users\ÄGAREN\Local Sites\fenix-portal\app\public\wp-includes\class-wp-hook.php:353
Status  : FAILED

Trace:
#0 C:\Users\ÄGAREN\Local Sites\fenix-portal\app\public\wp-includes\class-wp-hook.php(377): WP_Hook->apply_filters(NULL, Array)
#1 C:\Users\ÄGAREN\Local Sites\fenix-portal\app\public\wp-includes\plugin.php(523): WP_Hook->do_action(Array)
#2 C:\Users\ÄGAREN\Local Sites\fenix-portal\app\public\wp-settings.php(779): do_action('init')
#3 C:\Users\ÄGAREN\Local Sites\fenix-portal\app\public\wp-config.php(103): require_once('C:\\Users\\\xC3\x84GARE...')
#4 C:\Users\ÄGAREN\Local Sites\fenix-portal\app\public\wp-load.php(50): require_once('C:\\Users\\\xC3\x84GARE...')
#5 C:\Users\ÄGAREN\Local Sites\fenix-portal\app\public\wp-admin\admin.php(35): require_once('C:\\Users\\\xC3\x84GARE...')
#6 C:\Users\ÄGAREN\Local Sites\fenix-portal\app\public\wp-admin\users.php(11): require_once('C:\\Users\\\xC3\x84GARE...')
#7 {main}
  thrown
================================================================
2026-09-29T10:03:09+00:00 CRITICAL ================================================================
[2026-09-29 10:03:09] CRITICAL  Fatal error
----------------------------------------------------------------
Message : Uncaught TypeError: call_user_func_array(): Argument #1 ($callback) must be a valid callback, function "fenix_register_member_meta" not found or invalid function name in C:\Users\ÄGAREN\Local Sites\fenix-portal\app\public\wp-includes\class-wp-hook.php:353
File    : C:\Users\ÄGAREN\Local Sites\fenix-portal\app\public\wp-includes\class-wp-hook.php:353
Status  : FAILED

Trace:
#0 C:\Users\ÄGAREN\Local Sites\fenix-portal\app\public\wp-includes\class-wp-hook.php(377): WP_Hook->apply_filters(NULL, Array)
#1 C:\Users\ÄGAREN\Local Sites\fenix-portal\app\public\wp-includes\plugin.php(523): WP_Hook->do_action(Array)
#2 C:\Users\ÄGAREN\Local Sites\fenix-portal\app\public\wp-settings.php(779): do_action('init')
#3 C:\Users\ÄGAREN\Local Sites\fenix-portal\app\public\wp-config.php(103): require_once('C:\\Users\\\xC3\x84GARE...')
#4 C:\Users\ÄGAREN\Local Sites\fenix-portal\app\public\wp-load.php(50): require_once('C:\\Users\\\xC3\x84GARE...')
#5 C:\Users\ÄGAREN\Local Sites\fenix-portal\app\public\wp-admin\admin.php(35): require_once('C:\\Users\\\xC3\x84GARE...')
#6 C:\Users\ÄGAREN\Local Sites\fenix-portal\app\public\wp-admin\users.php(11): require_once('C:\\Users\\\xC3\x84GARE...')
#7 {main}
  thrown
================================================================
2026-09-29T10:45:33+00:00 CRITICAL ================================================================
[2026-09-29 10:45:33] CRITICAL  Fatal error
----------------------------------------------------------------
Message : syntax error, unexpected token ":", expecting ")"
File    : C:\Users\ÄGAREN\Local Sites\fenix-portal\app\public\wp-content\themes\ollie-child\functions.php:382
Status  : FAILED
================================================================
2026-09-29T10:45:33+00:00 CRITICAL ================================================================
[2026-09-29 10:45:33] CRITICAL  Fatal error
----------------------------------------------------------------
Message : syntax error, unexpected token ":", expecting ")"
File    : C:\Users\ÄGAREN\Local Sites\fenix-portal\app\public\wp-content\themes\ollie-child\functions.php:382
Status  : FAILED
================================================================
2026-09-29T10:45:33+00:00 CRITICAL ================================================================
[2026-09-29 10:45:33] CRITICAL  Fatal error
----------------------------------------------------------------
Message : syntax error, unexpected token ":", expecting ")"
File    : C:\Users\ÄGAREN\Local Sites\fenix-portal\app\public\wp-content\themes\ollie-child\functions.php:382
Status  : FAILED
================================================================
2026-09-29T10:45:40+00:00 CRITICAL ================================================================
[2026-09-29 10:45:40] CRITICAL  Fatal error
----------------------------------------------------------------
Message : syntax error, unexpected token ":", expecting ")"
File    : C:\Users\ÄGAREN\Local Sites\fenix-portal\app\public\wp-content\themes\ollie-child\functions.php:382
Status  : FAILED
================================================================
2026-09-29T10:45:40+00:00 CRITICAL ================================================================
[2026-09-29 10:45:40] CRITICAL  Fatal error
----------------------------------------------------------------
Message : syntax error, unexpected token ":", expecting ")"
File    : C:\Users\ÄGAREN\Local Sites\fenix-portal\app\public\wp-content\themes\ollie-child\functions.php:382
Status  : FAILED
================================================================
2026-09-29T10:45:40+00:00 CRITICAL ================================================================
[2026-09-29 10:45:40] CRITICAL  Fatal error
----------------------------------------------------------------
Message : syntax error, unexpected token ":", expecting ")"
File    : C:\Users\ÄGAREN\Local Sites\fenix-portal\app\public\wp-content\themes\ollie-child\functions.php:382
Status  : FAILED
================================================================
2026-09-29T10:46:28+00:00 CRITICAL ================================================================
[2026-09-29 10:46:28] CRITICAL  Fatal error
----------------------------------------------------------------
Message : syntax error, unexpected token ":", expecting ")"
File    : C:\Users\ÄGAREN\Local Sites\fenix-portal\app\public\wp-content\themes\ollie-child\functions.php:382
Status  : FAILED
================================================================
2026-09-29T10:46:28+00:00 CRITICAL ================================================================
[2026-09-29 10:46:28] CRITICAL  Fatal error
----------------------------------------------------------------
Message : syntax error, unexpected token ":", expecting ")"
File    : C:\Users\ÄGAREN\Local Sites\fenix-portal\app\public\wp-content\themes\ollie-child\functions.php:382
Status  : FAILED
================================================================
2026-09-29T10:46:28+00:00 CRITICAL ================================================================
[2026-09-29 10:46:28] CRITICAL  Fatal error
----------------------------------------------------------------
Message : syntax error, unexpected token ":", expecting ")"
File    : C:\Users\ÄGAREN\Local Sites\fenix-portal\app\public\wp-content\themes\ollie-child\functions.php:382
Status  : FAILED
================================================================
2026-09-29T10:46:48+00:00 CRITICAL ================================================================
[2026-09-29 10:46:48] CRITICAL  Fatal error
----------------------------------------------------------------
Message : syntax error, unexpected token ":", expecting ")"
File    : C:\Users\ÄGAREN\Local Sites\fenix-portal\app\public\wp-content\themes\ollie-child\functions.php:382
Status  : FAILED
================================================================
2026-09-29T10:46:48+00:00 CRITICAL ================================================================
[2026-09-29 10:46:48] CRITICAL  Fatal error
----------------------------------------------------------------
Message : syntax error, unexpected token ":", expecting ")"
File    : C:\Users\ÄGAREN\Local Sites\fenix-portal\app\public\wp-content\themes\ollie-child\functions.php:382
Status  : FAILED
================================================================
2026-09-29T10:46:48+00:00 CRITICAL ================================================================
[2026-09-29 10:46:48] CRITICAL  Fatal error
----------------------------------------------------------------
Message : syntax error, unexpected token ":", expecting ")"
File    : C:\Users\ÄGAREN\Local Sites\fenix-portal\app\public\wp-content\themes\ollie-child\functions.php:382
Status  : FAILED
================================================================
2026-09-29T10:47:34+00:00 CRITICAL ================================================================
[2026-09-29 10:47:34] CRITICAL  Fatal error
----------------------------------------------------------------
Message : syntax error, unexpected token ":", expecting ")"
File    : C:\Users\ÄGAREN\Local Sites\fenix-portal\app\public\wp-content\themes\ollie-child\functions.php:382
Status  : FAILED
================================================================
2026-09-29T10:47:34+00:00 CRITICAL ================================================================
[2026-09-29 10:47:34] CRITICAL  Fatal error
----------------------------------------------------------------
Message : syntax error, unexpected token ":", expecting ")"
File    : C:\Users\ÄGAREN\Local Sites\fenix-portal\app\public\wp-content\themes\ollie-child\functions.php:382
Status  : FAILED
================================================================
2026-09-29T10:47:34+00:00 CRITICAL ================================================================
[2026-09-29 10:47:34] CRITICAL  Fatal error
----------------------------------------------------------------
Message : syntax error, unexpected token ":", expecting ")"
File    : C:\Users\ÄGAREN\Local Sites\fenix-portal\app\public\wp-content\themes\ollie-child\functions.php:382
Status  : FAILED
================================================================
2026-09-29T10:48:29+00:00 CRITICAL ================================================================
[2026-09-29 10:48:29] CRITICAL  Fatal error
----------------------------------------------------------------
Message : syntax error, unexpected token ":", expecting ")"
File    : C:\Users\ÄGAREN\Local Sites\fenix-portal\app\public\wp-content\themes\ollie-child\functions.php:382
Status  : FAILED
================================================================
2026-09-29T10:48:29+00:00 CRITICAL ================================================================
[2026-09-29 10:48:29] CRITICAL  Fatal error
----------------------------------------------------------------
Message : syntax error, unexpected token ":", expecting ")"
File    : C:\Users\ÄGAREN\Local Sites\fenix-portal\app\public\wp-content\themes\ollie-child\functions.php:382
Status  : FAILED
================================================================
2026-09-29T10:48:29+00:00 CRITICAL ================================================================
[2026-09-29 10:48:29] CRITICAL  Fatal error
----------------------------------------------------------------
Message : syntax error, unexpected token ":", expecting ")"
File    : C:\Users\ÄGAREN\Local Sites\fenix-portal\app\public\wp-content\themes\ollie-child\functions.php:382
Status  : FAILED
================================================================
2026-09-29T10:48:49+00:00 CRITICAL ================================================================
[2026-09-29 10:48:49] CRITICAL  Fatal error
----------------------------------------------------------------
Message : syntax error, unexpected token ":", expecting ")"
File    : C:\Users\ÄGAREN\Local Sites\fenix-portal\app\public\wp-content\themes\ollie-child\functions.php:382
Status  : FAILED
================================================================
2026-09-29T10:48:49+00:00 CRITICAL ================================================================
[2026-09-29 10:48:49] CRITICAL  Fatal error
----------------------------------------------------------------
Message : syntax error, unexpected token ":", expecting ")"
File    : C:\Users\ÄGAREN\Local Sites\fenix-portal\app\public\wp-content\themes\ollie-child\functions.php:382
Status  : FAILED
================================================================
2026-09-29T10:48:49+00:00 CRITICAL ================================================================
[2026-09-29 10:48:49] CRITICAL  Fatal error
----------------------------------------------------------------
Message : syntax error, unexpected token ":", expecting ")"
File    : C:\Users\ÄGAREN\Local Sites\fenix-portal\app\public\wp-content\themes\ollie-child\functions.php:382
Status  : FAILED
================================================================
2026-09-29T10:49:35+00:00 CRITICAL ================================================================
[2026-09-29 10:49:35] CRITICAL  Fatal error
----------------------------------------------------------------
Message : syntax error, unexpected token ";"
File    : C:\Users\ÄGAREN\Local Sites\fenix-portal\app\public\wp-content\themes\ollie-child\functions.php:386
Status  : FAILED
================================================================
2026-09-29T10:49:35+00:00 CRITICAL ================================================================
[2026-09-29 10:49:35] CRITICAL  Fatal error
----------------------------------------------------------------
Message : syntax error, unexpected token ";"
File    : C:\Users\ÄGAREN\Local Sites\fenix-portal\app\public\wp-content\themes\ollie-child\functions.php:386
Status  : FAILED
================================================================
2026-09-29T10:49:35+00:00 CRITICAL ================================================================
[2026-09-29 10:49:35] CRITICAL  Fatal error
----------------------------------------------------------------
Message : syntax error, unexpected token ";"
File    : C:\Users\ÄGAREN\Local Sites\fenix-portal\app\public\wp-content\themes\ollie-child\functions.php:386
Status  : FAILED
================================================================
2026-09-29T10:49:38+00:00 CRITICAL ================================================================
[2026-09-29 10:49:38] CRITICAL  Fatal error
----------------------------------------------------------------
Message : syntax error, unexpected token ";"
File    : C:\Users\ÄGAREN\Local Sites\fenix-portal\app\public\wp-content\themes\ollie-child\functions.php:386
Status  : FAILED
================================================================
2026-09-29T10:49:38+00:00 CRITICAL ================================================================
[2026-09-29 10:49:38] CRITICAL  Fatal error
----------------------------------------------------------------
Message : syntax error, unexpected token ";"
File    : C:\Users\ÄGAREN\Local Sites\fenix-portal\app\public\wp-content\themes\ollie-child\functions.php:386
Status  : FAILED
================================================================
2026-09-29T10:49:38+00:00 CRITICAL ================================================================
[2026-09-29 10:49:38] CRITICAL  Fatal error
----------------------------------------------------------------
Message : syntax error, unexpected token ";"
File    : C:\Users\ÄGAREN\Local Sites\fenix-portal\app\public\wp-content\themes\ollie-child\functions.php:386
Status  : FAILED
================================================================
2026-09-29T10:50:30+00:00 CRITICAL ================================================================
[2026-09-29 10:50:30] CRITICAL  Fatal error
----------------------------------------------------------------
Message : syntax error, unexpected token ";"
File    : C:\Users\ÄGAREN\Local Sites\fenix-portal\app\public\wp-content\themes\ollie-child\functions.php:386
Status  : FAILED
================================================================
2026-09-29T10:50:30+00:00 CRITICAL ================================================================
[2026-09-29 10:50:30] CRITICAL  Fatal error
----------------------------------------------------------------
Message : syntax error, unexpected token ";"
File    : C:\Users\ÄGAREN\Local Sites\fenix-portal\app\public\wp-content\themes\ollie-child\functions.php:386
Status  : FAILED
================================================================
2026-09-29T10:50:30+00:00 CRITICAL ================================================================
[2026-09-29 10:50:30] CRITICAL  Fatal error
----------------------------------------------------------------
Message : syntax error, unexpected token ";"
File    : C:\Users\ÄGAREN\Local Sites\fenix-portal\app\public\wp-content\themes\ollie-child\functions.php:386
Status  : FAILED
================================================================
2026-09-29T10:50:50+00:00 CRITICAL ================================================================
[2026-09-29 10:50:50] CRITICAL  Fatal error
----------------------------------------------------------------
Message : syntax error, unexpected token ";"
File    : C:\Users\ÄGAREN\Local Sites\fenix-portal\app\public\wp-content\themes\ollie-child\functions.php:386
Status  : FAILED
================================================================
2026-09-29T10:50:50+00:00 CRITICAL ================================================================
[2026-09-29 10:50:50] CRITICAL  Fatal error
----------------------------------------------------------------
Message : syntax error, unexpected token ";"
File    : C:\Users\ÄGAREN\Local Sites\fenix-portal\app\public\wp-content\themes\ollie-child\functions.php:386
Status  : FAILED
================================================================
2026-09-29T10:50:50+00:00 CRITICAL ================================================================
[2026-09-29 10:50:50] CRITICAL  Fatal error
----------------------------------------------------------------
Message : syntax error, unexpected token ";"
File    : C:\Users\ÄGAREN\Local Sites\fenix-portal\app\public\wp-content\themes\ollie-child\functions.php:386
Status  : FAILED
================================================================
2026-09-29T10:51:24+00:00 CRITICAL ================================================================
[2026-09-29 10:51:24] CRITICAL  Fatal error
----------------------------------------------------------------
Message : syntax error, unexpected token ":", expecting ")"
File    : C:\Users\ÄGAREN\Local Sites\fenix-portal\app\public\wp-content\themes\ollie-child\functions.php:382
Status  : FAILED
================================================================
2026-09-29T10:51:24+00:00 CRITICAL ================================================================
[2026-09-29 10:51:24] CRITICAL  Fatal error
----------------------------------------------------------------
Message : syntax error, unexpected token ":", expecting ")"
File    : C:\Users\ÄGAREN\Local Sites\fenix-portal\app\public\wp-content\themes\ollie-child\functions.php:382
Status  : FAILED
================================================================
2026-09-29T10:51:24+00:00 CRITICAL ================================================================
[2026-09-29 10:51:24] CRITICAL  Fatal error
----------------------------------------------------------------
Message : syntax error, unexpected token ":", expecting ")"
File    : C:\Users\ÄGAREN\Local Sites\fenix-portal\app\public\wp-content\themes\ollie-child\functions.php:382
Status  : FAILED
================================================================
2026-09-29T10:51:36+00:00 CRITICAL ================================================================
[2026-09-29 10:51:36] CRITICAL  Fatal error
----------------------------------------------------------------
Message : syntax error, unexpected token ":", expecting ")"
File    : C:\Users\ÄGAREN\Local Sites\fenix-portal\app\public\wp-content\themes\ollie-child\functions.php:382
Status  : FAILED
================================================================
2026-09-29T10:51:36+00:00 CRITICAL ================================================================
[2026-09-29 10:51:36] CRITICAL  Fatal error
----------------------------------------------------------------
Message : syntax error, unexpected token ":", expecting ")"
File    : C:\Users\ÄGAREN\Local Sites\fenix-portal\app\public\wp-content\themes\ollie-child\functions.php:382
Status  : FAILED
================================================================
2026-09-29T10:51:36+00:00 CRITICAL ================================================================
[2026-09-29 10:51:36] CRITICAL  Fatal error
----------------------------------------------------------------
Message : syntax error, unexpected token ":", expecting ")"
File    : C:\Users\ÄGAREN\Local Sites\fenix-portal\app\public\wp-content\themes\ollie-child\functions.php:382
Status  : FAILED
================================================================
2026-09-29T10:52:31+00:00 CRITICAL ================================================================
[2026-09-29 10:52:31] CRITICAL  Fatal error
----------------------------------------------------------------
Message : syntax error, unexpected token ":", expecting ")"
File    : C:\Users\ÄGAREN\Local Sites\fenix-portal\app\public\wp-content\themes\ollie-child\functions.php:382
Status  : FAILED
================================================================
2026-09-29T10:52:31+00:00 CRITICAL ================================================================
[2026-09-29 10:52:31] CRITICAL  Fatal error
----------------------------------------------------------------
Message : syntax error, unexpected token ":", expecting ")"
File    : C:\Users\ÄGAREN\Local Sites\fenix-portal\app\public\wp-content\themes\ollie-child\functions.php:382
Status  : FAILED
================================================================
2026-09-29T10:52:31+00:00 CRITICAL ================================================================
[2026-09-29 10:52:31] CRITICAL  Fatal error
----------------------------------------------------------------
Message : syntax error, unexpected token ":", expecting ")"
File    : C:\Users\ÄGAREN\Local Sites\fenix-portal\app\public\wp-content\themes\ollie-child\functions.php:382
Status  : FAILED
================================================================
2026-09-29T10:52:51+00:00 CRITICAL ================================================================
[2026-09-29 10:52:51] CRITICAL  Fatal error
----------------------------------------------------------------
Message : syntax error, unexpected token ":", expecting ")"
File    : C:\Users\ÄGAREN\Local Sites\fenix-portal\app\public\wp-content\themes\ollie-child\functions.php:382
Status  : FAILED
================================================================
2026-09-29T10:52:51+00:00 CRITICAL ================================================================
[2026-09-29 10:52:51] CRITICAL  Fatal error
----------------------------------------------------------------
Message : syntax error, unexpected token ":", expecting ")"
File    : C:\Users\ÄGAREN\Local Sites\fenix-portal\app\public\wp-content\themes\ollie-child\functions.php:382
Status  : FAILED
================================================================
2026-09-29T10:52:51+00:00 CRITICAL ================================================================
[2026-09-29 10:52:51] CRITICAL  Fatal error
----------------------------------------------------------------
Message : syntax error, unexpected token ":", expecting ")"
File    : C:\Users\ÄGAREN\Local Sites\fenix-portal\app\public\wp-content\themes\ollie-child\functions.php:382
Status  : FAILED
================================================================
2026-09-29T10:53:37+00:00 CRITICAL ================================================================
[2026-09-29 10:53:37] CRITICAL  Fatal error
----------------------------------------------------------------
Message : syntax error, unexpected token ":", expecting ")"
File    : C:\Users\ÄGAREN\Local Sites\fenix-portal\app\public\wp-content\themes\ollie-child\functions.php:382
Status  : FAILED
================================================================
2026-09-29T10:53:37+00:00 CRITICAL ================================================================
[2026-09-29 10:53:37] CRITICAL  Fatal error
----------------------------------------------------------------
Message : syntax error, unexpected token ":", expecting ")"
File    : C:\Users\ÄGAREN\Local Sites\fenix-portal\app\public\wp-content\themes\ollie-child\functions.php:382
Status  : FAILED
================================================================
2026-09-29T10:53:37+00:00 CRITICAL ================================================================
[2026-09-29 10:53:37] CRITICAL  Fatal error
----------------------------------------------------------------
Message : syntax error, unexpected token ":", expecting ")"
File    : C:\Users\ÄGAREN\Local Sites\fenix-portal\app\public\wp-content\themes\ollie-child\functions.php:382
Status  : FAILED
================================================================
2026-09-29T10:54:32+00:00 CRITICAL ================================================================
[2026-09-29 10:54:32] CRITICAL  Fatal error
----------------------------------------------------------------
Message : syntax error, unexpected token ":", expecting ")"
File    : C:\Users\ÄGAREN\Local Sites\fenix-portal\app\public\wp-content\themes\ollie-child\functions.php:382
Status  : FAILED
================================================================
2026-09-29T10:54:32+00:00 CRITICAL ================================================================
[2026-09-29 10:54:32] CRITICAL  Fatal error
----------------------------------------------------------------
Message : syntax error, unexpected token ":", expecting ")"
File    : C:\Users\ÄGAREN\Local Sites\fenix-portal\app\public\wp-content\themes\ollie-child\functions.php:382
Status  : FAILED
================================================================
2026-09-29T10:54:32+00:00 CRITICAL ================================================================
[2026-09-29 10:54:32] CRITICAL  Fatal error
----------------------------------------------------------------
Message : syntax error, unexpected token ":", expecting ")"
File    : C:\Users\ÄGAREN\Local Sites\fenix-portal\app\public\wp-content\themes\ollie-child\functions.php:382
Status  : FAILED
================================================================
2026-09-29T10:54:52+00:00 CRITICAL ================================================================
[2026-09-29 10:54:52] CRITICAL  Fatal error
----------------------------------------------------------------
Message : syntax error, unexpected token ":", expecting ")"
File    : C:\Users\ÄGAREN\Local Sites\fenix-portal\app\public\wp-content\themes\ollie-child\functions.php:382
Status  : FAILED
================================================================
2026-09-29T10:54:52+00:00 CRITICAL ================================================================
[2026-09-29 10:54:52] CRITICAL  Fatal error
----------------------------------------------------------------
Message : syntax error, unexpected token ":", expecting ")"
File    : C:\Users\ÄGAREN\Local Sites\fenix-portal\app\public\wp-content\themes\ollie-child\functions.php:382
Status  : FAILED
================================================================
2026-09-29T10:54:52+00:00 CRITICAL ================================================================
[2026-09-29 10:54:52] CRITICAL  Fatal error
----------------------------------------------------------------
Message : syntax error, unexpected token ":", expecting ")"
File    : C:\Users\ÄGAREN\Local Sites\fenix-portal\app\public\wp-content\themes\ollie-child\functions.php:382
Status  : FAILED
================================================================
2026-09-29T10:55:38+00:00 CRITICAL ================================================================
[2026-09-29 10:55:38] CRITICAL  Fatal error
----------------------------------------------------------------
Message : syntax error, unexpected token ":", expecting ")"
File    : C:\Users\ÄGAREN\Local Sites\fenix-portal\app\public\wp-content\themes\ollie-child\functions.php:382
Status  : FAILED
================================================================
2026-09-29T10:55:38+00:00 CRITICAL ================================================================
[2026-09-29 10:55:38] CRITICAL  Fatal error
----------------------------------------------------------------
Message : syntax error, unexpected token ":", expecting ")"
File    : C:\Users\ÄGAREN\Local Sites\fenix-portal\app\public\wp-content\themes\ollie-child\functions.php:382
Status  : FAILED
================================================================
2026-09-29T10:55:38+00:00 CRITICAL ================================================================
[2026-09-29 10:55:38] CRITICAL  Fatal error
----------------------------------------------------------------
Message : syntax error, unexpected token ":", expecting ")"
File    : C:\Users\ÄGAREN\Local Sites\fenix-portal\app\public\wp-content\themes\ollie-child\functions.php:382
Status  : FAILED
================================================================
2026-09-29T11:03:07+00:00 CRITICAL ================================================================
[2026-09-29 11:03:07] CRITICAL  Fatal error
----------------------------------------------------------------
Message : syntax error, unexpected token "."
File    : C:\Users\ÄGAREN\Local Sites\fenix-portal\app\public\wp-content\themes\ollie-child\functions.php:386
Status  : FAILED
================================================================
2026-09-29T11:03:07+00:00 CRITICAL ================================================================
[2026-09-29 11:03:07] CRITICAL  Fatal error
----------------------------------------------------------------
Message : syntax error, unexpected token "."
File    : C:\Users\ÄGAREN\Local Sites\fenix-portal\app\public\wp-content\themes\ollie-child\functions.php:386
Status  : FAILED
================================================================
2026-09-29T11:03:07+00:00 CRITICAL ================================================================
[2026-09-29 11:03:07] CRITICAL  Fatal error
----------------------------------------------------------------
Message : syntax error, unexpected token "."
File    : C:\Users\ÄGAREN\Local Sites\fenix-portal\app\public\wp-content\themes\ollie-child\functions.php:386
Status  : FAILED
================================================================
2026-09-29T11:03:42+00:00 CRITICAL ================================================================
[2026-09-29 11:03:42] CRITICAL  Fatal error
----------------------------------------------------------------
Message : syntax error, unexpected token "."
File    : C:\Users\ÄGAREN\Local Sites\fenix-portal\app\public\wp-content\themes\ollie-child\functions.php:386
Status  : FAILED
================================================================
2026-09-29T11:03:42+00:00 CRITICAL ================================================================
[2026-09-29 11:03:42] CRITICAL  Fatal error
----------------------------------------------------------------
Message : syntax error, unexpected token "."
File    : C:\Users\ÄGAREN\Local Sites\fenix-portal\app\public\wp-content\themes\ollie-child\functions.php:386
Status  : FAILED
================================================================
2026-09-29T11:03:42+00:00 CRITICAL ================================================================
[2026-09-29 11:03:42] CRITICAL  Fatal error
----------------------------------------------------------------
Message : syntax error, unexpected token "."
File    : C:\Users\ÄGAREN\Local Sites\fenix-portal\app\public\wp-content\themes\ollie-child\functions.php:386
Status  : FAILED
================================================================
2026-09-29T11:09:36+00:00 CRITICAL ================================================================
[2026-09-29 11:09:36] CRITICAL  Fatal error
----------------------------------------------------------------
Message : syntax error, unexpected token "."
File    : C:\Users\ÄGAREN\Local Sites\fenix-portal\app\public\wp-content\themes\ollie-child\functions.php:392
Status  : FAILED
================================================================
2026-09-29T11:09:36+00:00 CRITICAL ================================================================
[2026-09-29 11:09:36] CRITICAL  Fatal error
----------------------------------------------------------------
Message : syntax error, unexpected token "."
File    : C:\Users\ÄGAREN\Local Sites\fenix-portal\app\public\wp-content\themes\ollie-child\functions.php:392
Status  : FAILED
================================================================
2026-09-29T11:09:36+00:00 CRITICAL ================================================================
[2026-09-29 11:09:36] CRITICAL  Fatal error
----------------------------------------------------------------
Message : syntax error, unexpected token "."
File    : C:\Users\ÄGAREN\Local Sites\fenix-portal\app\public\wp-content\themes\ollie-child\functions.php:392
Status  : FAILED
================================================================
2026-09-29T11:09:45+00:00 CRITICAL ================================================================
[2026-09-29 11:09:45] CRITICAL  Fatal error
----------------------------------------------------------------
Message : syntax error, unexpected token "."
File    : C:\Users\ÄGAREN\Local Sites\fenix-portal\app\public\wp-content\themes\ollie-child\functions.php:392
Status  : FAILED
================================================================
2026-09-29T11:09:45+00:00 CRITICAL ================================================================
[2026-09-29 11:09:45] CRITICAL  Fatal error
----------------------------------------------------------------
Message : syntax error, unexpected token "."
File    : C:\Users\ÄGAREN\Local Sites\fenix-portal\app\public\wp-content\themes\ollie-child\functions.php:392
Status  : FAILED
================================================================
2026-09-29T11:09:45+00:00 CRITICAL ================================================================
[2026-09-29 11:09:45] CRITICAL  Fatal error
----------------------------------------------------------------
Message : syntax error, unexpected token "."
File    : C:\Users\ÄGAREN\Local Sites\fenix-portal\app\public\wp-content\themes\ollie-child\functions.php:392
Status  : FAILED
================================================================
2026-09-29T11:10:10+00:00 CRITICAL ================================================================
[2026-09-29 11:10:10] CRITICAL  Fatal error
----------------------------------------------------------------
Message : syntax error, unexpected token "."
File    : C:\Users\ÄGAREN\Local Sites\fenix-portal\app\public\wp-content\themes\ollie-child\functions.php:392
Status  : FAILED
================================================================
2026-09-29T11:10:10+00:00 CRITICAL ================================================================
[2026-09-29 11:10:10] CRITICAL  Fatal error
----------------------------------------------------------------
Message : syntax error, unexpected token "."
File    : C:\Users\ÄGAREN\Local Sites\fenix-portal\app\public\wp-content\themes\ollie-child\functions.php:392
Status  : FAILED
================================================================
2026-09-29T11:10:10+00:00 CRITICAL ================================================================
[2026-09-29 11:10:10] CRITICAL  Fatal error
----------------------------------------------------------------
Message : syntax error, unexpected token "."
File    : C:\Users\ÄGAREN\Local Sites\fenix-portal\app\public\wp-content\themes\ollie-child\functions.php:392
Status  : FAILED
================================================================
2026-09-29T11:10:11+00:00 CRITICAL ================================================================
[2026-09-29 11:10:11] CRITICAL  Fatal error
----------------------------------------------------------------
Message : syntax error, unexpected token "."
File    : C:\Users\ÄGAREN\Local Sites\fenix-portal\app\public\wp-content\themes\ollie-child\functions.php:392
Status  : FAILED
================================================================
2026-09-29T11:10:11+00:00 CRITICAL ================================================================
[2026-09-29 11:10:11] CRITICAL  Fatal error
----------------------------------------------------------------
Message : syntax error, unexpected token "."
File    : C:\Users\ÄGAREN\Local Sites\fenix-portal\app\public\wp-content\themes\ollie-child\functions.php:392
Status  : FAILED
================================================================
2026-09-29T11:10:11+00:00 CRITICAL ================================================================
[2026-09-29 11:10:11] CRITICAL  Fatal error
----------------------------------------------------------------
Message : syntax error, unexpected token "."
File    : C:\Users\ÄGAREN\Local Sites\fenix-portal\app\public\wp-content\themes\ollie-child\functions.php:392
Status  : FAILED
================================================================
2026-09-29T13:01:31+00:00 CRITICAL ================================================================
[2026-09-29 13:01:31] CRITICAL  Fatal error
----------------------------------------------------------------
Message : syntax error, unexpected variable "$profilePhoto"
File    : C:\Users\ÄGAREN\Local Sites\fenix-portal\app\public\wp-content\themes\ollie-child\functions.php:371
Status  : FAILED
================================================================
2026-09-29T13:01:31+00:00 CRITICAL ================================================================
[2026-09-29 13:01:31] CRITICAL  Fatal error
----------------------------------------------------------------
Message : syntax error, unexpected variable "$profilePhoto"
File    : C:\Users\ÄGAREN\Local Sites\fenix-portal\app\public\wp-content\themes\ollie-child\functions.php:371
Status  : FAILED
================================================================
2026-09-29T13:01:31+00:00 CRITICAL ================================================================
[2026-09-29 13:01:31] CRITICAL  Fatal error
----------------------------------------------------------------
Message : syntax error, unexpected variable "$profilePhoto"
File    : C:\Users\ÄGAREN\Local Sites\fenix-portal\app\public\wp-content\themes\ollie-child\functions.php:371
Status  : FAILED
================================================================
2026-09-29T13:01:31+00:00 CRITICAL ================================================================
[2026-09-29 13:01:31] CRITICAL  Fatal error
----------------------------------------------------------------
Message : syntax error, unexpected variable "$profilePhoto"
File    : C:\Users\ÄGAREN\Local Sites\fenix-portal\app\public\wp-content\themes\ollie-child\functions.php:371
Status  : FAILED
================================================================
2026-09-29T13:01:31+00:00 CRITICAL ================================================================
[2026-09-29 13:01:31] CRITICAL  Fatal error
----------------------------------------------------------------
Message : syntax error, unexpected variable "$profilePhoto"
File    : C:\Users\ÄGAREN\Local Sites\fenix-portal\app\public\wp-content\themes\ollie-child\functions.php:371
Status  : FAILED
================================================================
2026-09-29T13:01:31+00:00 CRITICAL ================================================================
[2026-09-29 13:01:31] CRITICAL  Fatal error
----------------------------------------------------------------
Message : syntax error, unexpected variable "$profilePhoto"
File    : C:\Users\ÄGAREN\Local Sites\fenix-portal\app\public\wp-content\themes\ollie-child\functions.php:371
Status  : FAILED
================================================================
2026-09-29T13:01:58+00:00 CRITICAL ================================================================
[2026-09-29 13:01:58] CRITICAL  Fatal error
----------------------------------------------------------------
Message : syntax error, unexpected variable "$profilePhoto"
File    : C:\Users\ÄGAREN\Local Sites\fenix-portal\app\public\wp-content\themes\ollie-child\functions.php:371
Status  : FAILED
================================================================
2026-09-29T13:01:58+00:00 CRITICAL ================================================================
[2026-09-29 13:01:58] CRITICAL  Fatal error
----------------------------------------------------------------
Message : syntax error, unexpected variable "$profilePhoto"
File    : C:\Users\ÄGAREN\Local Sites\fenix-portal\app\public\wp-content\themes\ollie-child\functions.php:371
Status  : FAILED
================================================================
2026-09-29T13:01:58+00:00 CRITICAL ================================================================
[2026-09-29 13:01:58] CRITICAL  Fatal error
----------------------------------------------------------------
Message : syntax error, unexpected variable "$profilePhoto"
File    : C:\Users\ÄGAREN\Local Sites\fenix-portal\app\public\wp-content\themes\ollie-child\functions.php:371
Status  : FAILED
================================================================
2026-09-29T13:02:05+00:00 CRITICAL ================================================================
[2026-09-29 13:02:05] CRITICAL  Fatal error
----------------------------------------------------------------
Message : syntax error, unexpected token "."
File    : C:\Users\ÄGAREN\Local Sites\fenix-portal\app\public\wp-content\themes\ollie-child\functions.php:377
Status  : FAILED
================================================================
2026-09-29T13:02:05+00:00 CRITICAL ================================================================
[2026-09-29 13:02:05] CRITICAL  Fatal error
----------------------------------------------------------------
Message : syntax error, unexpected token "."
File    : C:\Users\ÄGAREN\Local Sites\fenix-portal\app\public\wp-content\themes\ollie-child\functions.php:377
Status  : FAILED
================================================================
2026-09-29T13:02:05+00:00 CRITICAL ================================================================
[2026-09-29 13:02:05] CRITICAL  Fatal error
----------------------------------------------------------------
Message : syntax error, unexpected token "."
File    : C:\Users\ÄGAREN\Local Sites\fenix-portal\app\public\wp-content\themes\ollie-child\functions.php:377
Status  : FAILED
================================================================
2026-09-29T13:02:05+00:00 CRITICAL ================================================================
[2026-09-29 13:02:05] CRITICAL  Fatal error
----------------------------------------------------------------
Message : syntax error, unexpected token "."
File    : C:\Users\ÄGAREN\Local Sites\fenix-portal\app\public\wp-content\themes\ollie-child\functions.php:377
Status  : FAILED
================================================================
2026-09-29T13:02:05+00:00 CRITICAL ================================================================
[2026-09-29 13:02:05] CRITICAL  Fatal error
----------------------------------------------------------------
Message : syntax error, unexpected token "."
File    : C:\Users\ÄGAREN\Local Sites\fenix-portal\app\public\wp-content\themes\ollie-child\functions.php:377
Status  : FAILED
================================================================
2026-09-29T13:02:05+00:00 CRITICAL ================================================================
[2026-09-29 13:02:05] CRITICAL  Fatal error
----------------------------------------------------------------
Message : syntax error, unexpected token "."
File    : C:\Users\ÄGAREN\Local Sites\fenix-portal\app\public\wp-content\themes\ollie-child\functions.php:377
Status  : FAILED
================================================================
2026-09-29T13:12:23+00:00 CRITICAL ================================================================
[2026-09-29 13:12:23] CRITICAL  Fatal error
----------------------------------------------------------------
Message : syntax error, unexpected single-quoted string "
File    : C:\Users\ÄGAREN\Local Sites\fenix-portal\app\public\wp-content\themes\ollie-child\functions.php:372
Status  : FAILED
================================================================
2026-09-29T13:12:23+00:00 CRITICAL ================================================================
[2026-09-29 13:12:23] CRITICAL  Fatal error
----------------------------------------------------------------
Message : syntax error, unexpected single-quoted string "
File    : C:\Users\ÄGAREN\Local Sites\fenix-portal\app\public\wp-content\themes\ollie-child\functions.php:372
Status  : FAILED
================================================================
2026-09-29T13:12:23+00:00 CRITICAL ================================================================
[2026-09-29 13:12:23] CRITICAL  Fatal error
----------------------------------------------------------------
Message : syntax error, unexpected single-quoted string "
File    : C:\Users\ÄGAREN\Local Sites\fenix-portal\app\public\wp-content\themes\ollie-child\functions.php:372
Status  : FAILED
================================================================
2026-09-29T13:12:24+00:00 CRITICAL ================================================================
[2026-09-29 13:12:24] CRITICAL  Fatal error
----------------------------------------------------------------
Message : syntax error, unexpected single-quoted string "
File    : C:\Users\ÄGAREN\Local Sites\fenix-portal\app\public\wp-content\themes\ollie-child\functions.php:372
Status  : FAILED
================================================================
2026-09-29T13:12:24+00:00 CRITICAL ================================================================
[2026-09-29 13:12:24] CRITICAL  Fatal error
----------------------------------------------------------------
Message : syntax error, unexpected single-quoted string "
File    : C:\Users\ÄGAREN\Local Sites\fenix-portal\app\public\wp-content\themes\ollie-child\functions.php:372
Status  : FAILED
================================================================
2026-09-29T13:12:24+00:00 CRITICAL ================================================================
[2026-09-29 13:12:24] CRITICAL  Fatal error
----------------------------------------------------------------
Message : syntax error, unexpected single-quoted string "
File    : C:\Users\ÄGAREN\Local Sites\fenix-portal\app\public\wp-content\themes\ollie-child\functions.php:372
Status  : FAILED
================================================================
2026-09-29T18:59:00+00:00 CRITICAL ================================================================
[2026-09-29 18:59:00] CRITICAL  Fatal error
----------------------------------------------------------------
Message : syntax error, unexpected token ":"
File    : C:\Users\ÄGAREN\Local Sites\fenix-portal\app\public\wp-content\themes\ollie-child\functions.php:394
Status  : FAILED
================================================================
2026-09-29T18:59:00+00:00 CRITICAL ================================================================
[2026-09-29 18:59:00] CRITICAL  Fatal error
----------------------------------------------------------------
Message : syntax error, unexpected token ":"
File    : C:\Users\ÄGAREN\Local Sites\fenix-portal\app\public\wp-content\themes\ollie-child\functions.php:394
Status  : FAILED
================================================================
2026-09-29T18:59:00+00:00 CRITICAL ================================================================
[2026-09-29 18:59:00] CRITICAL  Fatal error
----------------------------------------------------------------
Message : syntax error, unexpected token ":"
File    : C:\Users\ÄGAREN\Local Sites\fenix-portal\app\public\wp-content\themes\ollie-child\functions.php:394
Status  : FAILED
================================================================
2026-09-29T18:59:00+00:00 CRITICAL ================================================================
[2026-09-29 18:59:00] CRITICAL  Fatal error
----------------------------------------------------------------
Message : syntax error, unexpected token ":"
File    : C:\Users\ÄGAREN\Local Sites\fenix-portal\app\public\wp-content\themes\ollie-child\functions.php:394
Status  : FAILED
================================================================
2026-09-29T18:59:00+00:00 CRITICAL ================================================================
[2026-09-29 18:59:00] CRITICAL  Fatal error
----------------------------------------------------------------
Message : syntax error, unexpected token ":"
File    : C:\Users\ÄGAREN\Local Sites\fenix-portal\app\public\wp-content\themes\ollie-child\functions.php:394
Status  : FAILED
================================================================
2026-09-29T18:59:00+00:00 CRITICAL ================================================================
[2026-09-29 18:59:00] CRITICAL  Fatal error
----------------------------------------------------------------
Message : syntax error, unexpected token ":"
File    : C:\Users\ÄGAREN\Local Sites\fenix-portal\app\public\wp-content\themes\ollie-child\functions.php:394
Status  : FAILED
================================================================
2026-09-29T19:00:50+00:00 CRITICAL ================================================================
[2026-09-29 19:00:50] CRITICAL  Fatal error
----------------------------------------------------------------
Message : syntax error, unexpected token ":"
File    : C:\Users\ÄGAREN\Local Sites\fenix-portal\app\public\wp-content\themes\ollie-child\functions.php:394
Status  : FAILED
================================================================
2026-09-29T19:00:50+00:00 CRITICAL ================================================================
[2026-09-29 19:00:50] CRITICAL  Fatal error
----------------------------------------------------------------
Message : syntax error, unexpected token ":"
File    : C:\Users\ÄGAREN\Local Sites\fenix-portal\app\public\wp-content\themes\ollie-child\functions.php:394
Status  : FAILED
================================================================
2026-09-29T19:00:50+00:00 CRITICAL ================================================================
[2026-09-29 19:00:50] CRITICAL  Fatal error
----------------------------------------------------------------
Message : syntax error, unexpected token ":"
File    : C:\Users\ÄGAREN\Local Sites\fenix-portal\app\public\wp-content\themes\ollie-child\functions.php:394
Status  : FAILED
================================================================
2026-09-29T19:06:53+00:00 CRITICAL ================================================================
[2026-09-29 19:06:53] CRITICAL  Fatal error
----------------------------------------------------------------
Message : syntax error, unexpected token "."
File    : C:\Users\ÄGAREN\Local Sites\fenix-portal\app\public\wp-content\themes\ollie-child\functions.php:394
Status  : FAILED
================================================================
2026-09-29T19:06:53+00:00 CRITICAL ================================================================
[2026-09-29 19:06:53] CRITICAL  Fatal error
----------------------------------------------------------------
Message : syntax error, unexpected token "."
File    : C:\Users\ÄGAREN\Local Sites\fenix-portal\app\public\wp-content\themes\ollie-child\functions.php:394
Status  : FAILED
================================================================
2026-09-29T19:06:53+00:00 CRITICAL ================================================================
[2026-09-29 19:06:53] CRITICAL  Fatal error
----------------------------------------------------------------
Message : syntax error, unexpected token "."
File    : C:\Users\ÄGAREN\Local Sites\fenix-portal\app\public\wp-content\themes\ollie-child\functions.php:394
Status  : FAILED
================================================================
2026-09-29T19:06:57+00:00 CRITICAL ================================================================
[2026-09-29 19:06:57] CRITICAL  Fatal error
----------------------------------------------------------------
Message : syntax error, unexpected token "."
File    : C:\Users\ÄGAREN\Local Sites\fenix-portal\app\public\wp-content\themes\ollie-child\functions.php:394
Status  : FAILED
================================================================
2026-09-29T19:06:57+00:00 CRITICAL ================================================================
[2026-09-29 19:06:57] CRITICAL  Fatal error
----------------------------------------------------------------
Message : syntax error, unexpected token "."
File    : C:\Users\ÄGAREN\Local Sites\fenix-portal\app\public\wp-content\themes\ollie-child\functions.php:394
Status  : FAILED
================================================================
2026-09-29T19:06:57+00:00 CRITICAL ================================================================
[2026-09-29 19:06:57] CRITICAL  Fatal error
----------------------------------------------------------------
Message : syntax error, unexpected token "."
File    : C:\Users\ÄGAREN\Local Sites\fenix-portal\app\public\wp-content\themes\ollie-child\functions.php:394
Status  : FAILED
================================================================
2026-09-29T19:06:58+00:00 CRITICAL ================================================================
[2026-09-29 19:06:58] CRITICAL  Fatal error
----------------------------------------------------------------
Message : syntax error, unexpected token "."
File    : C:\Users\ÄGAREN\Local Sites\fenix-portal\app\public\wp-content\themes\ollie-child\functions.php:394
Status  : FAILED
================================================================
2026-09-29T19:06:58+00:00 CRITICAL ================================================================
[2026-09-29 19:06:58] CRITICAL  Fatal error
----------------------------------------------------------------
Message : syntax error, unexpected token "."
File    : C:\Users\ÄGAREN\Local Sites\fenix-portal\app\public\wp-content\themes\ollie-child\functions.php:394
Status  : FAILED
================================================================
2026-09-29T19:06:58+00:00 CRITICAL ================================================================
[2026-09-29 19:06:58] CRITICAL  Fatal error
----------------------------------------------------------------
Message : syntax error, unexpected token "."
File    : C:\Users\ÄGAREN\Local Sites\fenix-portal\app\public\wp-content\themes\ollie-child\functions.php:394
Status  : FAILED
================================================================
2026-09-29T19:08:42+00:00 CRITICAL ================================================================
[2026-09-29 19:08:42] CRITICAL  Fatal error
----------------------------------------------------------------
Message : syntax error, unexpected token "."
File    : C:\Users\ÄGAREN\Local Sites\fenix-portal\app\public\wp-content\themes\ollie-child\functions.php:394
Status  : FAILED
================================================================
2026-09-29T19:08:42+00:00 CRITICAL ================================================================
[2026-09-29 19:08:42] CRITICAL  Fatal error
----------------------------------------------------------------
Message : syntax error, unexpected token "."
File    : C:\Users\ÄGAREN\Local Sites\fenix-portal\app\public\wp-content\themes\ollie-child\functions.php:394
Status  : FAILED
================================================================
2026-09-29T19:08:42+00:00 CRITICAL ================================================================
[2026-09-29 19:08:42] CRITICAL  Fatal error
----------------------------------------------------------------
Message : syntax error, unexpected token "."
File    : C:\Users\ÄGAREN\Local Sites\fenix-portal\app\public\wp-content\themes\ollie-child\functions.php:394
Status  : FAILED
================================================================
2026-09-29T19:08:42+00:00 CRITICAL ================================================================
[2026-09-29 19:08:42] CRITICAL  Fatal error
----------------------------------------------------------------
Message : syntax error, unexpected token "."
File    : C:\Users\ÄGAREN\Local Sites\fenix-portal\app\public\wp-content\themes\ollie-child\functions.php:394
Status  : FAILED
================================================================
2026-09-29T19:08:42+00:00 CRITICAL ================================================================
[2026-09-29 19:08:42] CRITICAL  Fatal error
----------------------------------------------------------------
Message : syntax error, unexpected token "."
File    : C:\Users\ÄGAREN\Local Sites\fenix-portal\app\public\wp-content\themes\ollie-child\functions.php:394
Status  : FAILED
================================================================
2026-09-29T19:08:42+00:00 CRITICAL ================================================================
[2026-09-29 19:08:42] CRITICAL  Fatal error
----------------------------------------------------------------
Message : syntax error, unexpected token "."
File    : C:\Users\ÄGAREN\Local Sites\fenix-portal\app\public\wp-content\themes\ollie-child\functions.php:394
Status  : FAILED
================================================================
2026-09-29T19:08:44+00:00 CRITICAL ================================================================
[2026-09-29 19:08:44] CRITICAL  Fatal error
----------------------------------------------------------------
Message : syntax error, unexpected token "."
File    : C:\Users\ÄGAREN\Local Sites\fenix-portal\app\public\wp-content\themes\ollie-child\functions.php:394
Status  : FAILED
================================================================
2026-09-29T19:08:44+00:00 CRITICAL ================================================================
[2026-09-29 19:08:44] CRITICAL  Fatal error
----------------------------------------------------------------
Message : syntax error, unexpected token "."
File    : C:\Users\ÄGAREN\Local Sites\fenix-portal\app\public\wp-content\themes\ollie-child\functions.php:394
Status  : FAILED
================================================================
2026-09-29T19:08:44+00:00 CRITICAL ================================================================
[2026-09-29 19:08:44] CRITICAL  Fatal error
----------------------------------------------------------------
Message : syntax error, unexpected token "."
File    : C:\Users\ÄGAREN\Local Sites\fenix-portal\app\public\wp-content\themes\ollie-child\functions.php:394
Status  : FAILED
================================================================
2026-09-29T19:08:44+00:00 CRITICAL ================================================================
[2026-09-29 19:08:44] CRITICAL  Fatal error
----------------------------------------------------------------
Message : syntax error, unexpected token "."
File    : C:\Users\ÄGAREN\Local Sites\fenix-portal\app\public\wp-content\themes\ollie-child\functions.php:394
Status  : FAILED
================================================================
2026-09-29T19:08:44+00:00 CRITICAL ================================================================
[2026-09-29 19:08:44] CRITICAL  Fatal error
----------------------------------------------------------------
Message : syntax error, unexpected token "."
File    : C:\Users\ÄGAREN\Local Sites\fenix-portal\app\public\wp-content\themes\ollie-child\functions.php:394
Status  : FAILED
================================================================
2026-09-29T19:08:44+00:00 CRITICAL ================================================================
[2026-09-29 19:08:44] CRITICAL  Fatal error
----------------------------------------------------------------
Message : syntax error, unexpected token "."
File    : C:\Users\ÄGAREN\Local Sites\fenix-portal\app\public\wp-content\themes\ollie-child\functions.php:394
Status  : FAILED
================================================================
2026-09-29T19:08:54+00:00 CRITICAL ================================================================
[2026-09-29 19:08:54] CRITICAL  Fatal error
----------------------------------------------------------------
Message : syntax error, unexpected token "."
File    : C:\Users\ÄGAREN\Local Sites\fenix-portal\app\public\wp-content\themes\ollie-child\functions.php:394
Status  : FAILED
================================================================
2026-09-29T19:08:54+00:00 CRITICAL ================================================================
[2026-09-29 19:08:54] CRITICAL  Fatal error
----------------------------------------------------------------
Message : syntax error, unexpected token "."
File    : C:\Users\ÄGAREN\Local Sites\fenix-portal\app\public\wp-content\themes\ollie-child\functions.php:394
Status  : FAILED
================================================================
2026-09-29T19:08:54+00:00 CRITICAL ================================================================
[2026-09-29 19:08:54] CRITICAL  Fatal error
----------------------------------------------------------------
Message : syntax error, unexpected token "."
File    : C:\Users\ÄGAREN\Local Sites\fenix-portal\app\public\wp-content\themes\ollie-child\functions.php:394
Status  : FAILED
================================================================
2026-09-29T19:24:22+00:00 CRITICAL ================================================================
[2026-09-29 19:24:22] CRITICAL  Fatal error
----------------------------------------------------------------
Message : syntax error, unexpected single-quoted string ""
File    : C:\Users\ÄGAREN\Local Sites\fenix-portal\app\public\wp-content\themes\ollie-child\functions.php:403
Status  : FAILED
================================================================
2026-09-29T19:24:22+00:00 CRITICAL ================================================================
[2026-09-29 19:24:22] CRITICAL  Fatal error
----------------------------------------------------------------
Message : syntax error, unexpected single-quoted string ""
File    : C:\Users\ÄGAREN\Local Sites\fenix-portal\app\public\wp-content\themes\ollie-child\functions.php:403
Status  : FAILED
================================================================
2026-09-29T19:24:22+00:00 CRITICAL ================================================================
[2026-09-29 19:24:22] CRITICAL  Fatal error
----------------------------------------------------------------
Message : syntax error, unexpected single-quoted string ""
File    : C:\Users\ÄGAREN\Local Sites\fenix-portal\app\public\wp-content\themes\ollie-child\functions.php:403
Status  : FAILED
================================================================
2026-09-29T19:24:22+00:00 CRITICAL ================================================================
[2026-09-29 19:24:22] CRITICAL  Fatal error
----------------------------------------------------------------
Message : syntax error, unexpected single-quoted string ""
File    : C:\Users\ÄGAREN\Local Sites\fenix-portal\app\public\wp-content\themes\ollie-child\functions.php:403
Status  : FAILED
================================================================
2026-09-29T19:24:22+00:00 CRITICAL ================================================================
[2026-09-29 19:24:22] CRITICAL  Fatal error
----------------------------------------------------------------
Message : syntax error, unexpected single-quoted string ""
File    : C:\Users\ÄGAREN\Local Sites\fenix-portal\app\public\wp-content\themes\ollie-child\functions.php:403
Status  : FAILED
================================================================
2026-09-29T19:24:22+00:00 CRITICAL ================================================================
[2026-09-29 19:24:22] CRITICAL  Fatal error
----------------------------------------------------------------
Message : syntax error, unexpected single-quoted string ""
File    : C:\Users\ÄGAREN\Local Sites\fenix-portal\app\public\wp-content\themes\ollie-child\functions.php:403
Status  : FAILED
================================================================
2026-09-29T19:33:35+00:00 CRITICAL ================================================================
[2026-09-29 19:33:35] CRITICAL  Fatal error
----------------------------------------------------------------
Message : syntax error, unexpected single-quoted string ", true );;", expecting ")"
File    : C:\Users\ÄGAREN\Local Sites\fenix-portal\app\public\wp-content\themes\ollie-child\functions.php:370
Status  : FAILED
================================================================
2026-09-29T19:33:35+00:00 CRITICAL ================================================================
[2026-09-29 19:33:35] CRITICAL  Fatal error
----------------------------------------------------------------
Message : syntax error, unexpected single-quoted string ", true );;", expecting ")"
File    : C:\Users\ÄGAREN\Local Sites\fenix-portal\app\public\wp-content\themes\ollie-child\functions.php:370
Status  : FAILED
================================================================
2026-09-29T19:33:35+00:00 CRITICAL ================================================================
[2026-09-29 19:33:35] CRITICAL  Fatal error
----------------------------------------------------------------
Message : syntax error, unexpected single-quoted string ", true );;", expecting ")"
File    : C:\Users\ÄGAREN\Local Sites\fenix-portal\app\public\wp-content\themes\ollie-child\functions.php:370
Status  : FAILED
================================================================
2026-09-29T19:33:36+00:00 CRITICAL ================================================================
[2026-09-29 19:33:36] CRITICAL  Fatal error
----------------------------------------------------------------
Message : syntax error, unexpected single-quoted string ", true );;", expecting ")"
File    : C:\Users\ÄGAREN\Local Sites\fenix-portal\app\public\wp-content\themes\ollie-child\functions.php:370
Status  : FAILED
================================================================
2026-09-29T19:33:36+00:00 CRITICAL ================================================================
[2026-09-29 19:33:36] CRITICAL  Fatal error
----------------------------------------------------------------
Message : syntax error, unexpected single-quoted string ", true );;", expecting ")"
File    : C:\Users\ÄGAREN\Local Sites\fenix-portal\app\public\wp-content\themes\ollie-child\functions.php:370
Status  : FAILED
================================================================
2026-09-29T19:33:36+00:00 CRITICAL ================================================================
[2026-09-29 19:33:36] CRITICAL  Fatal error
----------------------------------------------------------------
Message : syntax error, unexpected single-quoted string ", true );;", expecting ")"
File    : C:\Users\ÄGAREN\Local Sites\fenix-portal\app\public\wp-content\themes\ollie-child\functions.php:370
Status  : FAILED
================================================================
2026-09-29T20:34:53+00:00 CRITICAL ================================================================
[2026-09-29 20:34:53] CRITICAL  Fatal error
----------------------------------------------------------------
Message : syntax error, unexpected variable "$cover_url"
File    : C:\Users\ÄGAREN\Local Sites\fenix-portal\app\public\wp-content\themes\ollie-child\functions.php:388
Status  : FAILED
================================================================
2026-09-29T20:34:53+00:00 CRITICAL ================================================================
[2026-09-29 20:34:53] CRITICAL  Fatal error
----------------------------------------------------------------
Message : syntax error, unexpected variable "$cover_url"
File    : C:\Users\ÄGAREN\Local Sites\fenix-portal\app\public\wp-content\themes\ollie-child\functions.php:388
Status  : FAILED
================================================================
2026-09-29T20:34:53+00:00 CRITICAL ================================================================
[2026-09-29 20:34:53] CRITICAL  Fatal error
----------------------------------------------------------------
Message : syntax error, unexpected variable "$cover_url"
File    : C:\Users\ÄGAREN\Local Sites\fenix-portal\app\public\wp-content\themes\ollie-child\functions.php:388
Status  : FAILED
================================================================
2026-09-29T20:34:54+00:00 CRITICAL ================================================================
[2026-09-29 20:34:54] CRITICAL  Fatal error
----------------------------------------------------------------
Message : syntax error, unexpected variable "$cover_url"
File    : C:\Users\ÄGAREN\Local Sites\fenix-portal\app\public\wp-content\themes\ollie-child\functions.php:388
Status  : FAILED
================================================================
2026-09-29T20:34:54+00:00 CRITICAL ================================================================
[2026-09-29 20:34:54] CRITICAL  Fatal error
----------------------------------------------------------------
Message : syntax error, unexpected variable "$cover_url"
File    : C:\Users\ÄGAREN\Local Sites\fenix-portal\app\public\wp-content\themes\ollie-child\functions.php:388
Status  : FAILED
================================================================
2026-09-29T20:34:54+00:00 CRITICAL ================================================================
[2026-09-29 20:34:54] CRITICAL  Fatal error
----------------------------------------------------------------
Message : syntax error, unexpected variable "$cover_url"
File    : C:\Users\ÄGAREN\Local Sites\fenix-portal\app\public\wp-content\themes\ollie-child\functions.php:388
Status  : FAILED
================================================================
2026-09-29T20:35:11+00:00 CRITICAL ================================================================
[2026-09-29 20:35:11] CRITICAL  Fatal error
----------------------------------------------------------------
Message : syntax error, unexpected variable "$cover_url"
File    : C:\Users\ÄGAREN\Local Sites\fenix-portal\app\public\wp-content\themes\ollie-child\functions.php:388
Status  : FAILED
================================================================
2026-09-29T20:35:11+00:00 CRITICAL ================================================================
[2026-09-29 20:35:11] CRITICAL  Fatal error
----------------------------------------------------------------
Message : syntax error, unexpected variable "$cover_url"
File    : C:\Users\ÄGAREN\Local Sites\fenix-portal\app\public\wp-content\themes\ollie-child\functions.php:388
Status  : FAILED
================================================================
2026-09-29T20:35:11+00:00 CRITICAL ================================================================
[2026-09-29 20:35:11] CRITICAL  Fatal error
----------------------------------------------------------------
Message : syntax error, unexpected variable "$cover_url"
File    : C:\Users\ÄGAREN\Local Sites\fenix-portal\app\public\wp-content\themes\ollie-child\functions.php:388
Status  : FAILED
================================================================
2026-09-29T20:35:22+00:00 CRITICAL ================================================================
[2026-09-29 20:35:22] CRITICAL  Fatal error
----------------------------------------------------------------
Message : syntax error, unexpected token "."
File    : C:\Users\ÄGAREN\Local Sites\fenix-portal\app\public\wp-content\themes\ollie-child\functions.php:389
Status  : FAILED
================================================================
2026-09-29T20:35:22+00:00 CRITICAL ================================================================
[2026-09-29 20:35:22] CRITICAL  Fatal error
----------------------------------------------------------------
Message : syntax error, unexpected token "."
File    : C:\Users\ÄGAREN\Local Sites\fenix-portal\app\public\wp-content\themes\ollie-child\functions.php:389
Status  : FAILED
================================================================
2026-09-29T20:35:22+00:00 CRITICAL ================================================================
[2026-09-29 20:35:22] CRITICAL  Fatal error
----------------------------------------------------------------
Message : syntax error, unexpected token "."
File    : C:\Users\ÄGAREN\Local Sites\fenix-portal\app\public\wp-content\themes\ollie-child\functions.php:389
Status  : FAILED
================================================================
2026-09-29T20:35:22+00:00 CRITICAL ================================================================
[2026-09-29 20:35:22] CRITICAL  Fatal error
----------------------------------------------------------------
Message : syntax error, unexpected token "."
File    : C:\Users\ÄGAREN\Local Sites\fenix-portal\app\public\wp-content\themes\ollie-child\functions.php:389
Status  : FAILED
================================================================
2026-09-29T20:35:22+00:00 CRITICAL ================================================================
[2026-09-29 20:35:22] CRITICAL  Fatal error
----------------------------------------------------------------
Message : syntax error, unexpected token "."
File    : C:\Users\ÄGAREN\Local Sites\fenix-portal\app\public\wp-content\themes\ollie-child\functions.php:389
Status  : FAILED
================================================================
2026-09-29T20:35:22+00:00 CRITICAL ================================================================
[2026-09-29 20:35:22] CRITICAL  Fatal error
----------------------------------------------------------------
Message : syntax error, unexpected token "."
File    : C:\Users\ÄGAREN\Local Sites\fenix-portal\app\public\wp-content\themes\ollie-child\functions.php:389
Status  : FAILED
================================================================
2026-09-29T20:35:23+00:00 CRITICAL ================================================================
[2026-09-29 20:35:23] CRITICAL  Fatal error
----------------------------------------------------------------
Message : syntax error, unexpected token "."
File    : C:\Users\ÄGAREN\Local Sites\fenix-portal\app\public\wp-content\themes\ollie-child\functions.php:389
Status  : FAILED
================================================================
2026-09-29T20:35:23+00:00 CRITICAL ================================================================
[2026-09-29 20:35:23] CRITICAL  Fatal error
----------------------------------------------------------------
Message : syntax error, unexpected token "."
File    : C:\Users\ÄGAREN\Local Sites\fenix-portal\app\public\wp-content\themes\ollie-child\functions.php:389
Status  : FAILED
================================================================
2026-09-29T20:35:23+00:00 CRITICAL ================================================================
[2026-09-29 20:35:23] CRITICAL  Fatal error
----------------------------------------------------------------
Message : syntax error, unexpected token "."
File    : C:\Users\ÄGAREN\Local Sites\fenix-portal\app\public\wp-content\themes\ollie-child\functions.php:389
Status  : FAILED
================================================================
2026-09-29T20:35:23+00:00 CRITICAL ================================================================
[2026-09-29 20:35:23] CRITICAL  Fatal error
----------------------------------------------------------------
Message : syntax error, unexpected token "."
File    : C:\Users\ÄGAREN\Local Sites\fenix-portal\app\public\wp-content\themes\ollie-child\functions.php:389
Status  : FAILED
================================================================
2026-09-29T20:35:24+00:00 CRITICAL ================================================================
[2026-09-29 20:35:24] CRITICAL  Fatal error
----------------------------------------------------------------
Message : syntax error, unexpected token "."
File    : C:\Users\ÄGAREN\Local Sites\fenix-portal\app\public\wp-content\themes\ollie-child\functions.php:389
Status  : FAILED
================================================================
2026-09-29T20:35:24+00:00 CRITICAL ================================================================
[2026-09-29 20:35:24] CRITICAL  Fatal error
----------------------------------------------------------------
Message : syntax error, unexpected token "."
File    : C:\Users\ÄGAREN\Local Sites\fenix-portal\app\public\wp-content\themes\ollie-child\functions.php:389
Status  : FAILED
================================================================
2026-09-30T13:47:16+00:00 CRITICAL ================================================================
[2026-09-30 13:47:16] CRITICAL  Fatal error
----------------------------------------------------------------
Message : syntax error, unexpected double-quoted string "cover = "
File    : C:\Users\ÄGAREN\Local Sites\fenix-portal\app\public\wp-content\themes\ollie-child\functions.php:313
Status  : FAILED
================================================================
2026-09-30T13:47:16+00:00 CRITICAL ================================================================
[2026-09-30 13:47:16] CRITICAL  Fatal error
----------------------------------------------------------------
Message : syntax error, unexpected double-quoted string "cover = "
File    : C:\Users\ÄGAREN\Local Sites\fenix-portal\app\public\wp-content\themes\ollie-child\functions.php:313
Status  : FAILED
================================================================
2026-09-30T13:47:16+00:00 CRITICAL ================================================================
[2026-09-30 13:47:16] CRITICAL  Fatal error
----------------------------------------------------------------
Message : syntax error, unexpected double-quoted string "cover = "
File    : C:\Users\ÄGAREN\Local Sites\fenix-portal\app\public\wp-content\themes\ollie-child\functions.php:313
Status  : FAILED
================================================================
2026-09-30T13:47:16+00:00 CRITICAL ================================================================
[2026-09-30 13:47:16] CRITICAL  Fatal error
----------------------------------------------------------------
Message : syntax error, unexpected double-quoted string "cover = "
File    : C:\Users\ÄGAREN\Local Sites\fenix-portal\app\public\wp-content\themes\ollie-child\functions.php:313
Status  : FAILED
================================================================
2026-09-30T13:47:16+00:00 CRITICAL ================================================================
[2026-09-30 13:47:16] CRITICAL  Fatal error
----------------------------------------------------------------
Message : syntax error, unexpected double-quoted string "cover = "
File    : C:\Users\ÄGAREN\Local Sites\fenix-portal\app\public\wp-content\themes\ollie-child\functions.php:313
Status  : FAILED
================================================================
2026-09-30T13:47:16+00:00 CRITICAL ================================================================
[2026-09-30 13:47:16] CRITICAL  Fatal error
----------------------------------------------------------------
Message : syntax error, unexpected double-quoted string "cover = "
File    : C:\Users\ÄGAREN\Local Sites\fenix-portal\app\public\wp-content\themes\ollie-child\functions.php:313
Status  : FAILED
================================================================
2026-09-30T18:47:22+00:00 CRITICAL ================================================================
[2026-09-30 18:47:22] CRITICAL  Fatal error
----------------------------------------------------------------
Message : syntax error, unexpected token "="
File    : C:\Users\ÄGAREN\Local Sites\fenix-portal\app\public\wp-content\themes\ollie-child\functions.php:273
Status  : FAILED
================================================================
2026-09-30T18:47:22+00:00 CRITICAL ================================================================
[2026-09-30 18:47:22] CRITICAL  Fatal error
----------------------------------------------------------------
Message : syntax error, unexpected token "="
File    : C:\Users\ÄGAREN\Local Sites\fenix-portal\app\public\wp-content\themes\ollie-child\functions.php:273
Status  : FAILED
================================================================
2026-09-30T18:47:22+00:00 CRITICAL ================================================================
[2026-09-30 18:47:22] CRITICAL  Fatal error
----------------------------------------------------------------
Message : syntax error, unexpected token "="
File    : C:\Users\ÄGAREN\Local Sites\fenix-portal\app\public\wp-content\themes\ollie-child\functions.php:273
Status  : FAILED
================================================================
2026-09-30T18:48:28+00:00 CRITICAL ================================================================
[2026-09-30 18:48:28] CRITICAL  Fatal error
----------------------------------------------------------------
Message : syntax error, unexpected token "="
File    : C:\Users\ÄGAREN\Local Sites\fenix-portal\app\public\wp-content\themes\ollie-child\functions.php:273
Status  : FAILED
================================================================
2026-09-30T18:48:28+00:00 CRITICAL ================================================================
[2026-09-30 18:48:28] CRITICAL  Fatal error
----------------------------------------------------------------
Message : syntax error, unexpected token "="
File    : C:\Users\ÄGAREN\Local Sites\fenix-portal\app\public\wp-content\themes\ollie-child\functions.php:273
Status  : FAILED
================================================================
2026-09-30T18:48:28+00:00 CRITICAL ================================================================
[2026-09-30 18:48:28] CRITICAL  Fatal error
----------------------------------------------------------------
Message : syntax error, unexpected token "="
File    : C:\Users\ÄGAREN\Local Sites\fenix-portal\app\public\wp-content\themes\ollie-child\functions.php:273
Status  : FAILED
================================================================
2026-09-30T18:48:30+00:00 CRITICAL ================================================================
[2026-09-30 18:48:30] CRITICAL  Fatal error
----------------------------------------------------------------
Message : syntax error, unexpected token "="
File    : C:\Users\ÄGAREN\Local Sites\fenix-portal\app\public\wp-content\themes\ollie-child\functions.php:273
Status  : FAILED
================================================================
2026-09-30T18:48:30+00:00 CRITICAL ================================================================
[2026-09-30 18:48:30] CRITICAL  Fatal error
----------------------------------------------------------------
Message : syntax error, unexpected token "="
File    : C:\Users\ÄGAREN\Local Sites\fenix-portal\app\public\wp-content\themes\ollie-child\functions.php:273
Status  : FAILED
================================================================
2026-09-30T18:48:30+00:00 CRITICAL ================================================================
[2026-09-30 18:48:30] CRITICAL  Fatal error
----------------------------------------------------------------
Message : syntax error, unexpected token "="
File    : C:\Users\ÄGAREN\Local Sites\fenix-portal\app\public\wp-content\themes\ollie-child\functions.php:273
Status  : FAILED
================================================================
2026-09-30T18:48:33+00:00 CRITICAL ================================================================
[2026-09-30 18:48:33] CRITICAL  Fatal error
----------------------------------------------------------------
Message : syntax error, unexpected token "="
File    : C:\Users\ÄGAREN\Local Sites\fenix-portal\app\public\wp-content\themes\ollie-child\functions.php:273
Status  : FAILED
================================================================
2026-09-30T18:48:33+00:00 CRITICAL ================================================================
[2026-09-30 18:48:33] CRITICAL  Fatal error
----------------------------------------------------------------
Message : syntax error, unexpected token "="
File    : C:\Users\ÄGAREN\Local Sites\fenix-portal\app\public\wp-content\themes\ollie-child\functions.php:273
Status  : FAILED
================================================================
2026-09-30T18:48:33+00:00 CRITICAL ================================================================
[2026-09-30 18:48:33] CRITICAL  Fatal error
----------------------------------------------------------------
Message : syntax error, unexpected token "="
File    : C:\Users\ÄGAREN\Local Sites\fenix-portal\app\public\wp-content\themes\ollie-child\functions.php:273
Status  : FAILED
================================================================
2026-09-30T18:50:32+00:00 CRITICAL ================================================================
[2026-09-30 18:50:32] CRITICAL  Fatal error
----------------------------------------------------------------
Message : syntax error, unexpected token "="
File    : C:\Users\ÄGAREN\Local Sites\fenix-portal\app\public\wp-content\themes\ollie-child\functions.php:275
Status  : FAILED
================================================================
2026-09-30T18:50:32+00:00 CRITICAL ================================================================
[2026-09-30 18:50:32] CRITICAL  Fatal error
----------------------------------------------------------------
Message : syntax error, unexpected token "="
File    : C:\Users\ÄGAREN\Local Sites\fenix-portal\app\public\wp-content\themes\ollie-child\functions.php:275
Status  : FAILED
================================================================
2026-09-30T18:50:32+00:00 CRITICAL ================================================================
[2026-09-30 18:50:32] CRITICAL  Fatal error
----------------------------------------------------------------
Message : syntax error, unexpected token "="
File    : C:\Users\ÄGAREN\Local Sites\fenix-portal\app\public\wp-content\themes\ollie-child\functions.php:275
Status  : FAILED
================================================================
2026-09-30T18:51:07+00:00 CRITICAL ================================================================
[2026-09-30 18:51:07] CRITICAL  Fatal error
----------------------------------------------------------------
Message : syntax error, unexpected token "="
File    : C:\Users\ÄGAREN\Local Sites\fenix-portal\app\public\wp-content\themes\ollie-child\functions.php:276
Status  : FAILED
================================================================
2026-09-30T18:51:07+00:00 CRITICAL ================================================================
[2026-09-30 18:51:07] CRITICAL  Fatal error
----------------------------------------------------------------
Message : syntax error, unexpected token "="
File    : C:\Users\ÄGAREN\Local Sites\fenix-portal\app\public\wp-content\themes\ollie-child\functions.php:276
Status  : FAILED
================================================================
2026-09-30T18:51:07+00:00 CRITICAL ================================================================
[2026-09-30 18:51:07] CRITICAL  Fatal error
----------------------------------------------------------------
Message : syntax error, unexpected token "="
File    : C:\Users\ÄGAREN\Local Sites\fenix-portal\app\public\wp-content\themes\ollie-child\functions.php:276
Status  : FAILED
================================================================
2026-09-30T18:51:09+00:00 CRITICAL ================================================================
[2026-09-30 18:51:09] CRITICAL  Fatal error
----------------------------------------------------------------
Message : syntax error, unexpected token "="
File    : C:\Users\ÄGAREN\Local Sites\fenix-portal\app\public\wp-content\themes\ollie-child\functions.php:276
Status  : FAILED
================================================================
2026-09-30T18:51:09+00:00 CRITICAL ================================================================
[2026-09-30 18:51:09] CRITICAL  Fatal error
----------------------------------------------------------------
Message : syntax error, unexpected token "="
File    : C:\Users\ÄGAREN\Local Sites\fenix-portal\app\public\wp-content\themes\ollie-child\functions.php:276
Status  : FAILED
================================================================
2026-09-30T18:51:09+00:00 CRITICAL ================================================================
[2026-09-30 18:51:09] CRITICAL  Fatal error
----------------------------------------------------------------
Message : syntax error, unexpected token "="
File    : C:\Users\ÄGAREN\Local Sites\fenix-portal\app\public\wp-content\themes\ollie-child\functions.php:276
Status  : FAILED
================================================================
2026-09-30T18:52:49+00:00 CRITICAL ================================================================
[2026-09-30 18:52:49] CRITICAL  Fatal error
----------------------------------------------------------------
Message : syntax error, unexpected token "="
File    : C:\Users\ÄGAREN\Local Sites\fenix-portal\app\public\wp-content\themes\ollie-child\functions.php:276
Status  : FAILED
================================================================
2026-09-30T18:52:49+00:00 CRITICAL ================================================================
[2026-09-30 18:52:49] CRITICAL  Fatal error
----------------------------------------------------------------
Message : syntax error, unexpected token "="
File    : C:\Users\ÄGAREN\Local Sites\fenix-portal\app\public\wp-content\themes\ollie-child\functions.php:276
Status  : FAILED
================================================================
2026-09-30T18:52:49+00:00 CRITICAL ================================================================
[2026-09-30 18:52:49] CRITICAL  Fatal error
----------------------------------------------------------------
Message : syntax error, unexpected token "="
File    : C:\Users\ÄGAREN\Local Sites\fenix-portal\app\public\wp-content\themes\ollie-child\functions.php:276
Status  : FAILED
================================================================
2026-09-30T18:52:51+00:00 CRITICAL ================================================================
[2026-09-30 18:52:51] CRITICAL  Fatal error
----------------------------------------------------------------
Message : syntax error, unexpected token "="
File    : C:\Users\ÄGAREN\Local Sites\fenix-portal\app\public\wp-content\themes\ollie-child\functions.php:276
Status  : FAILED
================================================================
2026-09-30T18:52:51+00:00 CRITICAL ================================================================
[2026-09-30 18:52:51] CRITICAL  Fatal error
----------------------------------------------------------------
Message : syntax error, unexpected token "="
File    : C:\Users\ÄGAREN\Local Sites\fenix-portal\app\public\wp-content\themes\ollie-child\functions.php:276
Status  : FAILED
================================================================
2026-09-30T18:52:51+00:00 CRITICAL ================================================================
[2026-09-30 18:52:51] CRITICAL  Fatal error
----------------------------------------------------------------
Message : syntax error, unexpected token "="
File    : C:\Users\ÄGAREN\Local Sites\fenix-portal\app\public\wp-content\themes\ollie-child\functions.php:276
Status  : FAILED
================================================================
2026-09-30T18:53:42+00:00 CRITICAL ================================================================
[2026-09-30 18:53:42] CRITICAL  Fatal error
----------------------------------------------------------------
Message : syntax error, unexpected token "="
File    : C:\Users\ÄGAREN\Local Sites\fenix-portal\app\public\wp-content\themes\ollie-child\functions.php:276
Status  : FAILED
================================================================
2026-09-30T18:53:42+00:00 CRITICAL ================================================================
[2026-09-30 18:53:42] CRITICAL  Fatal error
----------------------------------------------------------------
Message : syntax error, unexpected token "="
File    : C:\Users\ÄGAREN\Local Sites\fenix-portal\app\public\wp-content\themes\ollie-child\functions.php:276
Status  : FAILED
================================================================
2026-09-30T18:53:42+00:00 CRITICAL ================================================================
[2026-09-30 18:53:42] CRITICAL  Fatal error
----------------------------------------------------------------
Message : syntax error, unexpected token "="
File    : C:\Users\ÄGAREN\Local Sites\fenix-portal\app\public\wp-content\themes\ollie-child\functions.php:276
Status  : FAILED
================================================================
2026-09-30T18:53:44+00:00 CRITICAL ================================================================
[2026-09-30 18:53:44] CRITICAL  Fatal error
----------------------------------------------------------------
Message : syntax error, unexpected token "="
File    : C:\Users\ÄGAREN\Local Sites\fenix-portal\app\public\wp-content\themes\ollie-child\functions.php:276
Status  : FAILED
================================================================
2026-09-30T18:53:44+00:00 CRITICAL ================================================================
[2026-09-30 18:53:44] CRITICAL  Fatal error
----------------------------------------------------------------
Message : syntax error, unexpected token "="
File    : C:\Users\ÄGAREN\Local Sites\fenix-portal\app\public\wp-content\themes\ollie-child\functions.php:276
Status  : FAILED
================================================================
2026-09-30T18:53:44+00:00 CRITICAL ================================================================
[2026-09-30 18:53:44] CRITICAL  Fatal error
----------------------------------------------------------------
Message : syntax error, unexpected token "="
File    : C:\Users\ÄGAREN\Local Sites\fenix-portal\app\public\wp-content\themes\ollie-child\functions.php:276
Status  : FAILED
================================================================
2026-09-30T18:55:05+00:00 CRITICAL ================================================================
[2026-09-30 18:55:05] CRITICAL  Fatal error
----------------------------------------------------------------
Message : syntax error, unexpected token "="
File    : C:\Users\ÄGAREN\Local Sites\fenix-portal\app\public\wp-content\themes\ollie-child\functions.php:274
Status  : FAILED
================================================================
2026-09-30T18:55:05+00:00 CRITICAL ================================================================
[2026-09-30 18:55:05] CRITICAL  Fatal error
----------------------------------------------------------------
Message : syntax error, unexpected token "="
File    : C:\Users\ÄGAREN\Local Sites\fenix-portal\app\public\wp-content\themes\ollie-child\functions.php:274
Status  : FAILED
================================================================
2026-09-30T18:55:05+00:00 CRITICAL ================================================================
[2026-09-30 18:55:05] CRITICAL  Fatal error
----------------------------------------------------------------
Message : syntax error, unexpected token "="
File    : C:\Users\ÄGAREN\Local Sites\fenix-portal\app\public\wp-content\themes\ollie-child\functions.php:274
Status  : FAILED
================================================================
2026-09-30T18:55:08+00:00 CRITICAL ================================================================
[2026-09-30 18:55:08] CRITICAL  Fatal error
----------------------------------------------------------------
Message : syntax error, unexpected token "="
File    : C:\Users\ÄGAREN\Local Sites\fenix-portal\app\public\wp-content\themes\ollie-child\functions.php:274
Status  : FAILED
================================================================
2026-09-30T18:55:08+00:00 CRITICAL ================================================================
[2026-09-30 18:55:08] CRITICAL  Fatal error
----------------------------------------------------------------
Message : syntax error, unexpected token "="
File    : C:\Users\ÄGAREN\Local Sites\fenix-portal\app\public\wp-content\themes\ollie-child\functions.php:274
Status  : FAILED
================================================================
2026-09-30T18:55:08+00:00 CRITICAL ================================================================
[2026-09-30 18:55:08] CRITICAL  Fatal error
----------------------------------------------------------------
Message : syntax error, unexpected token "="
File    : C:\Users\ÄGAREN\Local Sites\fenix-portal\app\public\wp-content\themes\ollie-child\functions.php:274
Status  : FAILED
================================================================
2026-10-01T08:58:57+00:00 CRITICAL ================================================================
[2026-10-01 08:58:57] CRITICAL  Fatal error
----------------------------------------------------------------
Message : syntax error, unexpected token "foreach"
File    : C:\Users\ÄGAREN\Local Sites\fenix-portal\app\public\wp-content\themes\ollie-child\functions.php:276
Status  : FAILED
================================================================
2026-10-01T08:58:57+00:00 CRITICAL ================================================================
[2026-10-01 08:58:57] CRITICAL  Fatal error
----------------------------------------------------------------
Message : syntax error, unexpected token "foreach"
File    : C:\Users\ÄGAREN\Local Sites\fenix-portal\app\public\wp-content\themes\ollie-child\functions.php:276
Status  : FAILED
================================================================
2026-10-01T08:58:57+00:00 CRITICAL ================================================================
[2026-10-01 08:58:57] CRITICAL  Fatal error
----------------------------------------------------------------
Message : syntax error, unexpected token "foreach"
File    : C:\Users\ÄGAREN\Local Sites\fenix-portal\app\public\wp-content\themes\ollie-child\functions.php:276
Status  : FAILED
================================================================
2026-10-01T08:58:57+00:00 CRITICAL ================================================================
[2026-10-01 08:58:57] CRITICAL  Fatal error
----------------------------------------------------------------
Message : syntax error, unexpected token "foreach"
File    : C:\Users\ÄGAREN\Local Sites\fenix-portal\app\public\wp-content\themes\ollie-child\functions.php:276
Status  : FAILED
================================================================
2026-10-01T08:58:57+00:00 CRITICAL ================================================================
[2026-10-01 08:58:57] CRITICAL  Fatal error
----------------------------------------------------------------
Message : syntax error, unexpected token "foreach"
File    : C:\Users\ÄGAREN\Local Sites\fenix-portal\app\public\wp-content\themes\ollie-child\functions.php:276
Status  : FAILED
================================================================
2026-10-01T08:58:57+00:00 CRITICAL ================================================================
[2026-10-01 08:58:57] CRITICAL  Fatal error
----------------------------------------------------------------
Message : syntax error, unexpected token "foreach"
File    : C:\Users\ÄGAREN\Local Sites\fenix-portal\app\public\wp-content\themes\ollie-child\functions.php:276
Status  : FAILED
================================================================
2026-10-01T09:00:34+00:00 CRITICAL ================================================================
[2026-10-01 09:00:34] CRITICAL  Fatal error
----------------------------------------------------------------
Message : syntax error, unexpected token "foreach"
File    : C:\Users\ÄGAREN\Local Sites\fenix-portal\app\public\wp-content\themes\ollie-child\functions.php:276
Status  : FAILED
================================================================
2026-10-01T09:00:34+00:00 CRITICAL ================================================================
[2026-10-01 09:00:34] CRITICAL  Fatal error
----------------------------------------------------------------
Message : syntax error, unexpected token "foreach"
File    : C:\Users\ÄGAREN\Local Sites\fenix-portal\app\public\wp-content\themes\ollie-child\functions.php:276
Status  : FAILED
================================================================
2026-10-01T09:00:34+00:00 CRITICAL ================================================================
[2026-10-01 09:00:34] CRITICAL  Fatal error
----------------------------------------------------------------
Message : syntax error, unexpected token "foreach"
File    : C:\Users\ÄGAREN\Local Sites\fenix-portal\app\public\wp-content\themes\ollie-child\functions.php:276
Status  : FAILED
================================================================
2026-10-01T09:00:34+00:00 CRITICAL ================================================================
[2026-10-01 09:00:34] CRITICAL  Fatal error
----------------------------------------------------------------
Message : syntax error, unexpected token "foreach"
File    : C:\Users\ÄGAREN\Local Sites\fenix-portal\app\public\wp-content\themes\ollie-child\functions.php:276
Status  : FAILED
================================================================
2026-10-01T09:00:34+00:00 CRITICAL ================================================================
[2026-10-01 09:00:34] CRITICAL  Fatal error
----------------------------------------------------------------
Message : syntax error, unexpected token "foreach"
File    : C:\Users\ÄGAREN\Local Sites\fenix-portal\app\public\wp-content\themes\ollie-child\functions.php:276
Status  : FAILED
================================================================
2026-10-01T09:00:34+00:00 CRITICAL ================================================================
[2026-10-01 09:00:34] CRITICAL  Fatal error
----------------------------------------------------------------
Message : syntax error, unexpected token "foreach"
File    : C:\Users\ÄGAREN\Local Sites\fenix-portal\app\public\wp-content\themes\ollie-child\functions.php:276
Status  : FAILED
================================================================
2026-10-01T09:00:39+00:00 CRITICAL ================================================================
[2026-10-01 09:00:39] CRITICAL  Fatal error
----------------------------------------------------------------
Message : syntax error, unexpected token "foreach"
File    : C:\Users\ÄGAREN\Local Sites\fenix-portal\app\public\wp-content\themes\ollie-child\functions.php:276
Status  : FAILED
================================================================
2026-10-01T09:00:39+00:00 CRITICAL ================================================================
[2026-10-01 09:00:39] CRITICAL  Fatal error
----------------------------------------------------------------
Message : syntax error, unexpected token "foreach"
File    : C:\Users\ÄGAREN\Local Sites\fenix-portal\app\public\wp-content\themes\ollie-child\functions.php:276
Status  : FAILED
================================================================
2026-10-01T09:00:39+00:00 CRITICAL ================================================================
[2026-10-01 09:00:39] CRITICAL  Fatal error
----------------------------------------------------------------
Message : syntax error, unexpected token "foreach"
File    : C:\Users\ÄGAREN\Local Sites\fenix-portal\app\public\wp-content\themes\ollie-child\functions.php:276
Status  : FAILED
================================================================
2026-10-01T09:01:01+00:00 CRITICAL ================================================================
[2026-10-01 09:01:01] CRITICAL  Fatal error
----------------------------------------------------------------
Message : syntax error, unexpected token "foreach"
File    : C:\Users\ÄGAREN\Local Sites\fenix-portal\app\public\wp-content\themes\ollie-child\functions.php:274
Status  : FAILED
================================================================
2026-10-01T09:01:01+00:00 CRITICAL ================================================================
[2026-10-01 09:01:01] CRITICAL  Fatal error
----------------------------------------------------------------
Message : syntax error, unexpected token "foreach"
File    : C:\Users\ÄGAREN\Local Sites\fenix-portal\app\public\wp-content\themes\ollie-child\functions.php:274
Status  : FAILED
================================================================
2026-10-01T09:01:01+00:00 CRITICAL ================================================================
[2026-10-01 09:01:01] CRITICAL  Fatal error
----------------------------------------------------------------
Message : syntax error, unexpected token "foreach"
File    : C:\Users\ÄGAREN\Local Sites\fenix-portal\app\public\wp-content\themes\ollie-child\functions.php:274
Status  : FAILED
================================================================
2026-10-01T09:01:01+00:00 CRITICAL ================================================================
[2026-10-01 09:01:01] CRITICAL  Fatal error
----------------------------------------------------------------
Message : syntax error, unexpected token "foreach"
File    : C:\Users\ÄGAREN\Local Sites\fenix-portal\app\public\wp-content\themes\ollie-child\functions.php:274
Status  : FAILED
================================================================
2026-10-01T09:01:01+00:00 CRITICAL ================================================================
[2026-10-01 09:01:01] CRITICAL  Fatal error
----------------------------------------------------------------
Message : syntax error, unexpected token "foreach"
File    : C:\Users\ÄGAREN\Local Sites\fenix-portal\app\public\wp-content\themes\ollie-child\functions.php:274
Status  : FAILED
================================================================
2026-10-01T09:01:01+00:00 CRITICAL ================================================================
[2026-10-01 09:01:01] CRITICAL  Fatal error
----------------------------------------------------------------
Message : syntax error, unexpected token "foreach"
File    : C:\Users\ÄGAREN\Local Sites\fenix-portal\app\public\wp-content\themes\ollie-child\functions.php:274
Status  : FAILED
================================================================
2026-10-01T09:02:51+00:00 CRITICAL ================================================================
[2026-10-01 09:02:51] CRITICAL  Fatal error
----------------------------------------------------------------
Message : syntax error, unexpected token "/"
File    : C:\Users\ÄGAREN\Local Sites\fenix-portal\app\public\wp-content\themes\ollie-child\functions.php:344
Status  : FAILED
================================================================
2026-10-01T09:02:51+00:00 CRITICAL ================================================================
[2026-10-01 09:02:51] CRITICAL  Fatal error
----------------------------------------------------------------
Message : syntax error, unexpected token "/"
File    : C:\Users\ÄGAREN\Local Sites\fenix-portal\app\public\wp-content\themes\ollie-child\functions.php:344
Status  : FAILED
================================================================
2026-10-01T09:02:51+00:00 CRITICAL ================================================================
[2026-10-01 09:02:51] CRITICAL  Fatal error
----------------------------------------------------------------
Message : syntax error, unexpected token "/"
File    : C:\Users\ÄGAREN\Local Sites\fenix-portal\app\public\wp-content\themes\ollie-child\functions.php:344
Status  : FAILED
================================================================
2026-10-01T09:02:51+00:00 CRITICAL ================================================================
[2026-10-01 09:02:51] CRITICAL  Fatal error
----------------------------------------------------------------
Message : syntax error, unexpected token "/"
File    : C:\Users\ÄGAREN\Local Sites\fenix-portal\app\public\wp-content\themes\ollie-child\functions.php:344
Status  : FAILED
================================================================
2026-10-01T09:02:51+00:00 CRITICAL ================================================================
[2026-10-01 09:02:51] CRITICAL  Fatal error
----------------------------------------------------------------
Message : syntax error, unexpected token "/"
File    : C:\Users\ÄGAREN\Local Sites\fenix-portal\app\public\wp-content\themes\ollie-child\functions.php:344
Status  : FAILED
================================================================
2026-10-01T09:02:51+00:00 CRITICAL ================================================================
[2026-10-01 09:02:51] CRITICAL  Fatal error
----------------------------------------------------------------
Message : syntax error, unexpected token "/"
File    : C:\Users\ÄGAREN\Local Sites\fenix-portal\app\public\wp-content\themes\ollie-child\functions.php:344
Status  : FAILED
================================================================
